"Nazwisko.i.imiona","Nazwa.komitetu","imie","nazwisko"
"Andrzej Mieczysław ADAMCZYK","PIS","Andrzej","ADAMCZYK"
"Piotr ADAMOWICZ","KO","Piotr","ADAMOWICZ"
"Adam ANDRUSZKIEWICZ","PIS","Adam","ANDRUSZKIEWICZ"
"Waldemar Franciszek ANDZEL","PIS","Waldemar","ANDZEL"
"Dorota Irvina ARCISZEWSKA-MIELEWCZYK","PIS","Dorota","ARCISZEWSKA-MIELEWCZYK"
"Jan Krzysztof ARDANOWSKI","PIS","Jan","ARDANOWSKI"
"Iwona Ewa ARENT","PIS","Iwona","ARENT"
"Bartosz Adam ARŁUKOWICZ","KO","Bartosz","ARŁUKOWICZ"
"Marek AST","PIS","Marek","AST"
"Urszula Danuta AUGUSTYN","KO","Urszula","AUGUSTYN"
"Piotr Mieczysław BABINETZ","PIS","Piotr","BABINETZ"
"Ryszard BARTOSIK","PIS","Ryszard","BARTOSIK"
"Władysław Teofil BARTOSZEWSKI","Trzecia Droga","Władysław","BARTOSZEWSKI"
"Barbara Halina BARTUŚ","PIS","Barbara","BARTUŚ"
"Paweł Jan BEJDA","Trzecia Droga","Paweł","BEJDA"
"Konrad Szczepan BERKOWICZ","Konfederacja","Konrad","BERKOWICZ"
"Sylwia Alina BIELAWSKA","KO","Sylwia","BIELAWSKA"
"Marek BIERNACKI","Trzecia Droga","Marek","BIERNACKI"
"Paweł Kazimierz BLIŹNIUK","KO","Paweł","BLIŹNIUK"
"Mariusz BŁASZCZAK","PIS","Mariusz","BŁASZCZAK"
"Mateusz Andrzej BOCHENEK","KO","Mateusz","BOCHENEK"
"Rafał Paweł BOCHENEK","PIS","Rafał","BOCHENEK"
"Izabela Anna BODNAR","Trzecia Droga","Izabela","BODNAR"
"Jacek BOGUCKI","PIS","Jacek","BOGUCKI"
"Zbigniew BOGUCKI","PIS","Zbigniew","BOGUCKI"
"Krzysztof BOJARSKI","KO","Krzysztof","BOJARSKI"
"Joanna Beata BOROWIAK","PIS","Joanna","BOROWIAK"
"Kamil BORTNICZUK","PIS","Kamil","BORTNICZUK"
"Piotr BORYS","KO","Piotr","BORYS"
"Bożena Teresa BORYS-SZOPA","PIS","Bożena","BORYS-SZOPA"
"Marcin Rafał BOSACKI","KO","Marcin","BOSACKI"
"Karina Anna BOSAK","Konfederacja","Karina","BOSAK"
"Krzysztof BOSAK","Konfederacja","Krzysztof","BOSAK"
"Grzegorz Michał BRAUN","Konfederacja","Grzegorz","BRAUN"
"Krzysztof BREJZA","KO","Krzysztof","BREJZA"
"Agnieszka Maria BUCZYŃSKA","Trzecia Droga","Agnieszka","BUCZYŃSKA"
"Waldemar Grzegorz BUDA","PIS","Waldemar","BUDA"
"Borys Piotr BUDKA","KO","Borys","BUDKA"
"Elżbieta Jolanta BURKIEWICZ","Trzecia Droga","Elżbieta","BURKIEWICZ"
"Lidia Ewa BURZYŃSKA","PIS","Lidia","BURZYŃSKA"
"Marek Jan CHMIELEWSKI","KO","Marek","CHMIELEWSKI"
"Zbigniew Michał CHMIELOWIEC","PIS","Zbigniew","CHMIELOWIEC"
"Artur Henryk CHOJECKI","PIS","Artur","CHOJECKI"
"Kazimierz Bogusław CHOMA","PIS","Kazimierz","CHOMA"
"Dominika Małgorzata CHOROSIŃSKA","PIS","Dominika","CHOROSIŃSKA"
"Tadeusz CHRZAN","PIS","Tadeusz","CHRZAN"
"Alicja Paulina CHYBICKA","KO","Alicja","CHYBICKA"
"Anna Ewa CICHOLSKA","PIS","Anna","CICHOLSKA"
"Janusz Władysław CICHOŃ","KO","Janusz","CICHOŃ"
"Krzysztof Jan CIECIÓRA","PIS","Krzysztof","CIECIÓRA"
"Janusz Antoni CIESZYŃSKI","PIS","Janusz","CIESZYŃSKI"
"Michał CIEŚLAK","PIS","Michał","CIEŚLAK"
"Żaneta CWALINA-ŚLIWOWSKA","Trzecia Droga","Żaneta","CWALINA-ŚLIWOWSKA"
"Krzysztof Władysław CZARNECKI","PIS","Krzysztof","CZARNECKI"
"Witold Wojciech CZARNECKI","PIS","Witold","CZARNECKI"
"Przemysław CZARNEK","PIS","Przemysław","CZARNEK"
"Arkadiusz CZARTORYSKI","PIS","Arkadiusz","CZARTORYSKI"
"Włodzimierz CZARZASTY","Lewica","Włodzimierz","CZARZASTY"
"Jacek Andrzej CZERNIAK","Lewica","Jacek","CZERNIAK"
"Zofia CZERNOW","KO","Zofia","CZERNOW"
"Anita CZERWIŃSKA","PIS","Anita","CZERWIŃSKA"
"Katarzyna Beata CZOCHARA","PIS","Katarzyna","CZOCHARA"
"Sławomir ĆWIK","Trzecia Droga","Sławomir","ĆWIK"
"Władysław DAJCZAK","PIS","Władysław","DAJCZAK"
"Anna DĄBROWSKA-BANASZEK","PIS","Anna","DĄBROWSKA-BANASZEK"
"Zbigniew DOLATA","PIS","Zbigniew","DOLATA"
"Barbara DOLNIAK","KO","Barbara","DOLNIAK"
"Andrzej Jan DOMAŃSKI","KO","Andrzej","DOMAŃSKI"
"Bartłomiej DORYWALSKI","PIS","Bartłomiej","DORYWALSKI"
"Robert DOWHAN","KO","Robert","DOWHAN"
"Przemysław Mieczysław DRABEK","PIS","Przemysław","DRABEK"
"Elżbieta DUDA","PIS","Elżbieta","DUDA"
"Michał Paweł DWORCZYK","PIS","Michał","DWORCZYK"
"Adam DZIEDZIC","Trzecia Droga","Adam","DZIEDZIC"
"Jan Michał DZIEDZICZAK","PIS","Jan","DZIEDZICZAK"
"Agnieszka Ewa DZIEMIANOWICZ-BĄK","Lewica","Agnieszka","DZIEMIANOWICZ-BĄK"
"Magdalena FILIKS","KO","Magdalena","FILIKS"
"Magdalena FILIPEK-SOBCZAK","PIS","Magdalena","FILIPEK-SOBCZAK"
"Radosław Aleksander FOGIEL","PIS","Radosław","FOGIEL"
"Bronisław Edward FOLTYN","Konfederacja","Bronisław","FOLTYN"
"Roman Henryk FRITZ","Konfederacja","Roman","FRITZ"
"Joanna Zofia FRYDRYCH","KO","Joanna","FRYDRYCH"
"Konrad Mirosław FRYSZTAK","KO","Konrad","FRYSZTAK"
"Patryk GABRIEL","KO","Patryk","GABRIEL"
"Krzysztof Jan GADOWSKI","KO","Krzysztof","GADOWSKI"
"Aleksandra Małgorzata GAJEWSKA","KO","Aleksandra","GAJEWSKA"
"Kinga Magdalena GAJEWSKA","KO","Kinga","GAJEWSKA"
"Elżbieta Teresa GAPIŃSKA","KO","Elżbieta","GAPIŃSKA"
"Kamila GASIUK-PIHOWICZ","KO","Kamila","GASIUK-PIHOWICZ"
"Krzysztof Kamil GAWKOWSKI","Lewica","Krzysztof","GAWKOWSKI"
"Zdzisław GAWLIK","KO","Zdzisław","GAWLIK"
"Andrzej Janusz GAWRON","PIS","Andrzej","GAWRON"
"Grzegorz Krzysztof GAŻA","PIS","Grzegorz","GAŻA"
"Elżbieta Kazimiera GELERT","KO","Elżbieta","GELERT"
"Anna Urszula GEMBICKA","PIS","Anna","GEMBICKA"
"Artur Daniel GIERADA","KO","Artur","GIERADA"
"Roman Jacek GIERTYCH","KO","Roman","GIERTYCH"
"Włodzisław Sławomir GIZIŃSKI","KO","Włodzisław","GIZIŃSKI"
"Szymon Stanisław GIŻYŃSKI","PIS","Szymon","GIŻYŃSKI"
"Piotr Tadeusz GLIŃSKI","PIS","Piotr","GLIŃSKI"
"Tomasz Marian GŁOGOWSKI","KO","Tomasz","GŁOGOWSKI"
"Piotr Krzysztof GŁOWSKI","KO","Piotr","GŁOWSKI"
"Marta Joanna GOLBIK","KO","Marta","GOLBIK"
"Małgorzata Joanna GOLIŃSKA","PIS","Małgorzata","GOLIŃSKA"
"Kazimierz Edward GOŁOJUCH","PIS","Kazimierz","GOŁOJUCH"
"Adam Michał GOMOŁA","Trzecia Droga","Adam","GOMOŁA"
"Robert GONTARZ","PIS","Robert","GONTARZ"
"Stanisław Andrzej GORCZYCA","KO","Stanisław","GORCZYCA"
"Mariusz Marek GOSEK","PIS","Mariusz","GOSEK"
"Daria Iwona GOSEK-POPIOŁEK","Lewica","Daria","GOSEK-POPIOŁEK"
"Małgorzata Maria GOSIEWSKA","PIS","Małgorzata","GOSIEWSKA"
"Piotr Tadeusz GÓRNIKIEWICZ","Trzecia Droga","Piotr","GÓRNIKIEWICZ"
"Agnieszka Beata GÓRSKA","PIS","Agnieszka","GÓRSKA"
"Krzysztof GRABCZUK","KO","Krzysztof","GRABCZUK"
"Jan Stanisław GRABIEC","KO","Jan","GRABIEC"
"Marcin GRABOWSKI","PIS","Marcin","GRABOWSKI"
"Michał Sebastian GRAMATYKA","Trzecia Droga","Michał","GRAMATYKA"
"Małgorzata GROMADZKA","KO","Małgorzata","GROMADZKA"
"Marek Józef GRÓBARCZYK","PIS","Marek","GRÓBARCZYK"
"Andrzej Marian GRZYB","Trzecia Droga","Andrzej","GRZYB"
"Andrzej Józef GUT-MOSTOWY","PIS","Andrzej","GUT-MOSTOWY"
"Kazimierz GWIAZDOWSKI","PIS","Kazimierz","GWIAZDOWSKI"
"Marcin Piotr GWÓŹDŹ","PIS","Marcin","GWÓŹDŹ"
"Marek Krzysztof GZIK","KO","Marek","GZIK"
"Krzysztof Stefan HABURA","KO","Krzysztof","HABURA"
"Agnieszka Małgorzata HANAJCZYK","KO","Agnieszka","HANAJCZYK"
"Iwona HARTWICH","KO","Iwona","HARTWICH"
"Paulina HENNIG-KLOSKA","Trzecia Droga","Paulina","HENNIG-KLOSKA"
"Krzysztof Andrzej HETMAN","Trzecia Droga","Krzysztof","HETMAN"
"Czesław HOC","PIS","Czesław","HOC"
"Zbigniew Grzegorz HOFFMANN","PIS","Zbigniew","HOFFMANN"
"Marek Tomasz HOK","KO","Marek","HOK"
"Szymon Franciszek HOŁOWNIA","Trzecia Droga","Szymon","HOŁOWNIA"
"Marcin Michał HORAŁA","PIS","Marcin","HORAŁA"
"Łukasz HORBATOWSKI","KO","Łukasz","HORBATOWSKI"
"Paweł Marek HRENIAK","PIS","Paweł","HRENIAK"
"Paweł JABŁOŃSKI","PIS","Paweł","JABŁOŃSKI"
"Klaudia Krystyna JACHIRA","KO","Klaudia","JACHIRA"
"Marek JAKUBIAK","PIS","Marek","JAKUBIAK"
"Maria Małgorzata JANYSKA","KO","Maria","JANYSKA"
"Michał JAROS","KO","Michał","JAROS"
"Patryk Bartłomiej JASKULSKI","KO","Patryk","JASKULSKI"
"Danuta JAZŁOWIECKA","KO","Danuta","JAZŁOWIECKA"
"Dariusz JOŃSKI","KO","Dariusz","JOŃSKI"
"Marcin JÓZEFACIUK","KO","Marcin","JÓZEFACIUK"
"Norbert Jakub KACZMARCZYK","PIS","Norbert","KACZMARCZYK"
"Filip Roman KACZYŃSKI","PIS","Filip","KACZYŃSKI"
"Jarosław Aleksander KACZYŃSKI","PIS","Jarosław","KACZYŃSKI"
"Piotr Marek KALETA","PIS","Piotr","KALETA"
"Sebastian Jerzy KALETA","PIS","Sebastian","KALETA"
"Mariusz Piotr KAŁUŻNY","PIS","Mariusz","KAŁUŻNY"
"Mariusz KAMIŃSKI","PIS","Mariusz","KAMIŃSKI"
"Piotr KANDYBA","KO","Piotr","KANDYBA"
"Jan Jakub KANTHAK","PIS","Jan","KANTHAK"
"Fryderyk Sylwester KAPINOS","PIS","Fryderyk","KAPINOS"
"Jacek Krzysztof KARNOWSKI","KO","Jacek","KARNOWSKI"
"Iwona KAROLEWSKA","KO","Iwona","KAROLEWSKA"
"Rafał Marcin KASPRZYK","Trzecia Droga","Rafał","KASPRZYK"
"Henryk KIEPURA","Trzecia Droga","Henryk","KIEPURA"
"Marcin Piotr KIERWIŃSKI","KO","Marcin","KIERWIŃSKI"
"Katarzyna Renata KIERZEK-KOPERSKA","KO","Katarzyna","KIERZEK-KOPERSKA"
"Dariusz KLIMCZAK","Trzecia Droga","Dariusz","KLIMCZAK"
"Joanna Grażyna KLUZIK-ROSTKOWSKA","KO","Joanna","KLUZIK-ROSTKOWSKA"
"Agnieszka Maria KŁOPOTEK","Trzecia Droga","Agnieszka","KŁOPOTEK"
"Łukasz Marek KMITA","PIS","Łukasz","KMITA"
"Michał Andrzej KOBOSKO","Trzecia Droga","Michał","KOBOSKO"
"Maria Zofia KOC","PIS","Maria","KOC"
"Ewa Edyta KOŁODZIEJ","KO","Ewa","KOŁODZIEJ"
"Magdalena Małgorzata KOŁODZIEJCZAK","KO","Magdalena","KOŁODZIEJCZAK"
"Michał KOŁODZIEJCZAK","KO","Michał","KOŁODZIEJCZAK"
"Rafał Paweł KOMAREWICZ","Trzecia Droga","Rafał","KOMAREWICZ"
"Maciej KONIECZNY","Lewica","Maciej","KONIECZNY"
"Zbigniew Marek KONWIŃSKI","KO","Zbigniew","KONWIŃSKI"
"Władysław Marcin KOSINIAK-KAMYSZ","Trzecia Droga","Władysław","KOSINIAK-KAMYSZ"
"Tomasz Tadeusz KOSTUŚ","KO","Tomasz","KOSTUŚ"
"Andrzej Tomasz KOSZTOWNIAK","PIS","Andrzej","KOSZTOWNIAK"
"Katarzyna Agata KOTULA","Lewica","Katarzyna","KOTULA"
"Paweł Robert KOWAL","KO","Paweł","KOWAL"
"Henryk KOWALCZYK","PIS","Henryk","KOWALCZYK"
"Janusz Marcin KOWALSKI","PIS","Janusz","KOWALSKI"
"Bartosz Józef KOWNACKI","PIS","Bartosz","KOWNACKI"
"Iwona Maria KOZŁOWSKA","KO","Iwona","KOZŁOWSKA"
"Stefan KRAJEWSKI","Trzecia Droga","Stefan","KRAJEWSKI"
"Wiesław KRAJEWSKI","PIS","Wiesław","KRAJEWSKI"
"Leonard Seweryn KRASULSKI","PIS","Leonard","KRASULSKI"
"Iwona Małgorzata KRAWCZYK","KO","Iwona","KRAWCZYK"
"Michał Mateusz KRAWCZYK","KO","Michał","KRAWCZYK"
"Robert KROPIWNICKI","KO","Robert","KROPIWNICKI"
"Piotr Marek KRÓL","PIS","Piotr","KRÓL"
"Wojciech Piotr KRÓL","KO","Wojciech","KRÓL"
"Anna Maria KRUPKA","PIS","Anna","KRUPKA"
"Andrzej Michał KRYJ","PIS","Andrzej","KRYJ"
"Mariusz Tomasz KRYSTIAN","PIS","Mariusz","KRYSTIAN"
"Marek Grzegorz KRZĄKAŁA","KO","Marek","KRZĄKAŁA"
"Adam KRZEMIŃSKI","KO","Adam","KRZEMIŃSKI"
"Henryka Krystyna KRZYWONOS-STRYCHARSKA","KO","Henryka","KRZYWONOS-STRYCHARSKA"
"Krzysztof Jan KUBÓW","PIS","Krzysztof","KUBÓW"
"Anita Agnieszka KUCHARSKA-DZIEDZIC","Lewica","Anita","KUCHARSKA-DZIEDZIC"
"Marek Tadeusz KUCHCIŃSKI","PIS","Marek","KUCHCIŃSKI"
"Paweł Piotr KUKIZ","PIS","Paweł","KUKIZ"
"Marcin Robert KULASEK","Lewica","Marcin","KULASEK"
"Maria Stanisława KUROWSKA","PIS","Maria","KUROWSKA"
"Władysław Michał KUROWSKI","PIS","Władysław","KUROWSKI"
"Zbigniew Krzysztof KUŹMIUK","PIS","Zbigniew","KUŹMIUK"
"Anna KWIECIEŃ","PIS","Anna","KWIECIEŃ"
"Piotr Michał LACHOWICZ","KO","Piotr","LACHOWICZ"
"Stanisław Józef LAMCZYK","KO","Stanisław","LAMCZYK"
"Maciej Grzegorz LASEK","KO","Maciej","LASEK"
"Gabriela Teresa LENARTOWICZ","KO","Gabriela","LENARTOWICZ"
"Ewa Maria LENIART","PIS","Ewa","LENIART"
"Aleksandra Maria LEO","Trzecia Droga","Aleksandra","LEO"
"Izabela Dorota LESZCZYNA","KO","Izabela","LESZCZYNA"
"Joanna Katarzyna LICHOCKA","PIS","Joanna","LICHOCKA"
"Krzysztof Bogdan LIPIEC","PIS","Krzysztof","LIPIEC"
"Łukasz Karol LITEWKA","Lewica","Łukasz","LITEWKA"
"Grzegorz Andrzej LOREK","PIS","Grzegorz","LOREK"
"Radosław LUBCZYK","Trzecia Droga","Radosław","LUBCZYK"
"Katarzyna Anna LUBNAUER","KO","Katarzyna","LUBNAUER"
"Adam Sławomir LUBOŃSKI","Trzecia Droga","Adam","LUBOŃSKI"
"Artur Jarosław ŁĄCKI","KO","Artur","ŁĄCKI"
"Alicja ŁEPKOWSKA-GOŁAŚ","KO","Alicja","ŁEPKOWSKA-GOŁAŚ"
"Dorota Ewa ŁOBODA","KO","Dorota","ŁOBODA"
"Krystian Marek ŁUCZAK","KO","Krystian","ŁUCZAK"
"Sebastian ŁUKASZEWICZ","PIS","Sebastian","ŁUKASZEWICZ"
"Marzena Anna MACHAŁEK","PIS","Marzena","MACHAŁEK"
"Antoni MACIEREWICZ","PIS","Antoni","MACIEREWICZ"
"Marlena Magdalena MALĄG","PIS","Marlena","MALĄG"
"Ewa Danuta MALIK","PIS","Ewa","MALIK"
"Mirosław Wojciech MALISZEWSKI","Trzecia Droga","Mirosław","MALISZEWSKI"
"Maciej MAŁECKI","PIS","Maciej","MAŁECKI"
"Arkadiusz MARCHEWKA","KO","Arkadiusz","MARCHEWKA"
"Jagna Kinga MARCZUŁAJTIS-WALCZAK","KO","Jagna","MARCZUŁAJTIS-WALCZAK"
"Dorota MAREK","KO","Dorota","MAREK"
"Dariusz Piotr MATECKI","PIS","Dariusz","MATECKI"
"Jerzy Marian MATERNA","PIS","Jerzy","MATERNA"
"Grzegorz MATUSIAK","PIS","Grzegorz","MATUSIAK"
"Katarzyna Irena MATUSIK-LIPIEC","KO","Katarzyna","MATUSIK-LIPIEC"
"Marek MATUSZEWSKI","PIS","Marek","MATUSZEWSKI"
"Paulina MATYSIAK","Lewica","Paulina","MATYSIAK"
"Łukasz MEJZA","PIS","Łukasz","MEJZA"
"Sławomir Jerzy MENTZEN","Konfederacja","Sławomir","MENTZEN"
"Anna Maria MILCZANOWSKA","PIS","Anna","MILCZANOWSKA"
"Daniel George MILEWSKI","PIS","Daniel","MILEWSKI"
"Rajmund Tadeusz MILLER","KO","Rajmund","MILLER"
"Aleksander Jan MISZALSKI","KO","Aleksander","MISZALSKI"
"Mateusz Jakub MORAWIECKI","PIS","Mateusz","MORAWIECKI"
"Jan MOSIŃSKI","PIS","Jan","MOSIŃSKI"
"Michał MOSKAL","PIS","Michał","MOSKAL"
"Czesław MROCZEK","KO","Czesław","MROCZEK"
"Aleksander Mikołaj MRÓWCZYŃSKI","PIS","Aleksander","MRÓWCZYŃSKI"
"Izabela Katarzyna MRZYGŁOCKA","KO","Izabela","MRZYGŁOCKA"
"Joanna MUCHA","Trzecia Droga","Joanna","MUCHA"
"Arkadiusz MULARCZYK","PIS","Arkadiusz","MULARCZYK"
"Krzysztof MULAWA","Konfederacja","Krzysztof","MULAWA"
"Piotr Józef MÜLLER","PIS","Piotr","MÜLLER"
"Arkadiusz MYRCHA","KO","Arkadiusz","MYRCHA"
"Grzegorz Bernard NAPIERALSKI","KO","Grzegorz","NAPIERALSKI"
"Dorota NIEDZIELA","KO","Dorota","NIEDZIELA"
"Jacek NIEDŹWIEDZKI","KO","Jacek","NIEDŹWIEDZKI"
"Małgorzata Barbara NIEMCZYK","KO","Małgorzata","NIEMCZYK"
"Jolanta Magdalena NIEZGODZKA","KO","Jolanta","NIEZGODZKA"
"Sławomir Witold NITRAS","KO","Sławomir","NITRAS"
"Barbara Anna NOWACKA","KO","Barbara","NOWACKA"
"Maja Ewa NOWAK","Trzecia Droga","Maja","NOWAK"
"Tomasz Piotr NOWAK","KO","Tomasz","NOWAK"
"Wanda Hanna NOWICKA","Lewica","Wanda","NOWICKA"
"Urszula Teresa NOWOGÓRSKA","Trzecia Droga","Urszula","NOWOGÓRSKA"
"Mirosława NYKIEL","KO","Mirosława","NYKIEL"
"Marcin Michał OCIEPA","PIS","Marcin","OCIEPA"
"Marzena OKŁA-DREWNOWICZ","KO","Marzena","OKŁA-DREWNOWICZ"
"Barbara OKUŁA","Trzecia Droga","Barbara","OKUŁA"
"Barbara Anna OLIWIECKA","Trzecia Droga","Barbara","OLIWIECKA"
"Dorota Zofia OLKO","Lewica","Dorota","OLKO"
"Paweł Bartosz OLSZEWSKI","KO","Paweł","OLSZEWSKI"
"Mirosław Adam ORLIŃSKI","Trzecia Droga","Mirosław","ORLIŃSKI"
"Łukasz Tomasz OSMALAK","Trzecia Droga","Łukasz","OSMALAK"
"Katarzyna OSOS","KO","Katarzyna","OSOS"
"Jacek Piotr OSUCH","PIS","Jacek","OSUCH"
"Jacek Dawid OZDOBA","PIS","Jacek","OZDOBA"
"Teresa PAMUŁA","PIS","Teresa","PAMUŁA"
"Paweł PAPKE","KO","Paweł","PAPKE"
"Urszula Stefania PASŁAWSKA","Trzecia Droga","Urszula","PASŁAWSKA"
"Krzysztof Michał PASZYK","Trzecia Droga","Krzysztof","PASZYK"
"Karolina Monika PAWLICZAK","KO","Karolina","PAWLICZAK"
"Bartłomiej Artur PEJO","Konfederacja","Bartłomiej","PEJO"
"Ryszard Jerzy PETRU","Trzecia Droga","Ryszard","PETRU"
"Małgorzata Anna PĘPEK","KO","Małgorzata","PĘPEK"
"Bolesław Grzegorz PIECHA","PIS","Bolesław","PIECHA"
"Grzegorz PIECHOWIAK","PIS","Grzegorz","PIECHOWIAK"
"Anna Maria PIECZARKA","PIS","Anna","PIECZARKA"
"Katarzyna Maria PIEKARSKA","KO","Katarzyna","PIEKARSKA"
"Norbert Jerzy PIETRYKOWSKI","Trzecia Droga","Norbert","PIETRYKOWSKI"
"Lucjan Marek PIETRZCZYK","KO","Lucjan","PIETRZCZYK"
"Dariusz PIONTKOWSKI","PIS","Dariusz","PIONTKOWSKI"
"Kazimierz Florian PLOCKE","KO","Kazimierz","PLOCKE"
"Grzegorz Adam PŁACZEK","Konfederacja","Grzegorz","PŁACZEK"
"Kacper Maciej PŁAŻYŃSKI","PIS","Kacper","PŁAŻYŃSKI"
"Szymon Marek POGODA","PIS","Szymon","POGODA"
"Jerzy Jan POLACZEK","PIS","Jerzy","POLACZEK"
"Elżbieta Anna POLAK","KO","Elżbieta","POLAK"
"Piotr Stanisław POLAK","PIS","Piotr","POLAK"
"Agnieszka Dominika POMASKA","KO","Agnieszka","POMASKA"
"Marcin Bartosz PORZUCEK","PIS","Marcin","PORZUCEK"
"Jacek PROTAS","KO","Jacek","PROTAS"
"Marcin Paweł PRZYDACZ","PIS","Marcin","PRZYDACZ"
"Grzegorz Paweł PUDA","PIS","Grzegorz","PUDA"
"Michał PYRZYK","Trzecia Droga","Michał","PYRZYK"
"Renata Urszula RAK","KO","Renata","RAK"
"Ireneusz Jacek RAŚ","Trzecia Droga","Ireneusz","RAŚ"
"Zbigniew Włodzimierz RAU","PIS","Zbigniew","RAU"
"Marcin ROMANOWSKI","PIS","Marcin","ROMANOWSKI"
"Bartosz ROMOWICZ","Trzecia Droga","Bartosz","ROMOWICZ"
"Monika Anna ROSA","KO","Monika","ROSA"
"Wiesław Marian RÓŻYŃSKI","Trzecia Droga","Wiesław","RÓŻYŃSKI"
"Urszula Beata RUSECKA","PIS","Urszula","RUSECKA"
"Grzegorz Stanisław RUSIECKI","KO","Grzegorz","RUSIECKI"
"Jakub Adam RUTNICKI","KO","Jakub","RUTNICKI"
"Paweł Piotr RYCHLIK","PIS","Paweł","RYCHLIK"
"Marek Zdzisław RZĄSA","KO","Marek","RZĄSA"
"Jarosław Michał RZEPA","Trzecia Droga","Jarosław","RZEPA"
"Jarosław SACHAJKO","PIS","Jarosław","SACHAJKO"
"Paweł SAŁEK","PIS","Paweł","SAŁEK"
"Wojciech Paweł SAŁUGA","KO","Wojciech","SAŁUGA"
"Tadeusz SAMBORSKI","Trzecia Droga","Tadeusz","SAMBORSKI"
"Jacek Robert SASIN","PIS","Jacek","SASIN"
"Marek Wacław SAWICKI","Trzecia Droga","Marek","SAWICKI"
"Ewa Katarzyna SCHÄDLER","Trzecia Droga","Ewa","SCHÄDLER"
"Joanna Izabela SCHEURING-WIELGUS","Lewica","Joanna","SCHEURING-WIELGUS"
"Anna Katarzyna SCHMIDT","PIS","Anna","SCHMIDT"
"Łukasz Paweł SCHREIBER","PIS","Łukasz","SCHREIBER"
"Jarosław Daniel SELLIN","PIS","Jarosław","SELLIN"
"Olga Ewa SEMENIUK-PATKOWSKA","PIS","Olga","SEMENIUK-PATKOWSKA"
"Edward SIARKA","PIS","Edward","SIARKA"
"Krystyna Mieczysława SIBIŃSKA","KO","Krystyna","SIBIŃSKA"
"Czesław Adam SIEKIERSKI","Trzecia Droga","Czesław","SIEKIERSKI"
"Rafał SIEMASZKO","KO","Rafał","SIEMASZKO"
"Tomasz SIEMONIAK","KO","Tomasz","SIEMONIAK"
"Bartłomiej Henryk SIENKIEWICZ","KO","Bartłomiej","SIENKIEWICZ"
"Arkadiusz SIKORA","Lewica","Arkadiusz","SIKORA"
"Włodzimierz Bogdan SKALIK","Konfederacja","Włodzimierz","SKALIK"
"Marcin Seweryn SKONIECZKA","Trzecia Droga","Marcin","SKONIECZKA"
"Krystyna SKOWROŃSKA","KO","Krystyna","SKOWROŃSKA"
"Sławomir SKWAREK","PIS","Sławomir","SKWAREK"
"Waldemar Jan SŁUGOCKI","KO","Waldemar","SŁUGOCKI"
"Weronika Anna SMARDUCH","KO","Weronika","SMARDUCH"
"Kazimierz SMOLIŃSKI","PIS","Kazimierz","SMOLIŃSKI"
"Anna Helena SOBOLAK","KO","Anna","SOBOLAK"
"Krzysztof SOBOLEWSKI","PIS","Krzysztof","SOBOLEWSKI"
"Artur SOBOŃ","PIS","Artur","SOBOŃ"
"Agnieszka Anna SOIN","PIS","Agnieszka","SOIN"
"Zbigniew SOSNOWSKI","Trzecia Droga","Zbigniew","SOSNOWSKI"
"Marek Jan SOWA","KO","Marek","SOWA"
"Katarzyna SÓJKA","PIS","Katarzyna","SÓJKA"
"Magdalena Joanna SROKA","Trzecia Droga","Magdalena","SROKA"
"Mirosława Agnieszka STACHOWIAK-RÓŻECKA","PIS","Mirosława","STACHOWIAK-RÓŻECKA"
"Dariusz Paweł STEFANIUK","PIS","Dariusz","STEFANIUK"
"Franciszek Wojciech STERCZEWSKI","KO","Franciszek","STERCZEWSKI"
"Piotr Paweł STRACH","Trzecia Droga","Piotr","STRACH"
"Mirosław Tadeusz SUCHOŃ","Trzecia Droga","Mirosław","SUCHOŃ"
"Marek Witold SUSKI","PIS","Marek","SUSKI"
"Paweł SUSKI","KO","Paweł","SUSKI"
"Artur Lesław SZAŁABAWKA","PIS","Artur","SZAŁABAWKA"
"Wojciech Piotr SZARAMA","PIS","Wojciech","SZARAMA"
"Wiesław Andrzej SZCZEPAŃSKI","Lewica","Wiesław","SZCZEPAŃSKI"
"Michał Roch SZCZERBA","KO","Michał","SZCZERBA"
"Krzysztof Łukasz SZCZUCKI","PIS","Krzysztof","SZCZUCKI"
"Józefa SZCZUREK-ŻELAZKO","PIS","Józefa","SZCZUREK-ŻELAZKO"
"Paweł Maciej SZEFERNAKER","PIS","Paweł","SZEFERNAKER"
"Andrzej Jan SZEJNA","Lewica","Andrzej","SZEJNA"
"Andrzej SZEWIŃSKI","KO","Andrzej","SZEWIŃSKI"
"Adam Stanisław SZŁAPKA","KO","Adam","SZŁAPKA"
"Henryk Marian SZOPIŃSKI","KO","Henryk","SZOPIŃSKI"
"Paweł SZROT","PIS","Paweł","SZROT"
"Krystyna Maria SZUMILAS","KO","Krystyna","SZUMILAS"
"Stanisław SZWED","PIS","Stanisław","SZWED"
"Ewa Joanna SZYMANOWSKA","Trzecia Droga","Ewa","SZYMANOWSKA"
"Tomasz Józef SZYMAŃSKI","KO","Tomasz","SZYMAŃSKI"
"Szymon Andrzej SZYNKOWSKI VEL SĘK","PIS","Szymon","SĘK"
"Łukasz Andrzej ŚCIEBIOROWSKI","KO","Łukasz","ŚCIEBIOROWSKI"
"Agnieszka ŚCIGAJ","PIS","Agnieszka","ŚCIGAJ"
"Andrzej ŚLIWKA","PIS","Andrzej","ŚLIWKA"
"Paweł Marek ŚLIZ","Trzecia Droga","Paweł","ŚLIZ"
"Krzysztof Jan ŚMISZEK","Lewica","Krzysztof","ŚMISZEK"
"Jacek ŚWIAT","PIS","Jacek","ŚWIAT"
"Apoloniusz Leopold TAJNER","KO","Apoloniusz","TAJNER"
"Krzysztof Józef TCHÓRZEWSKI","PIS","Krzysztof","TCHÓRZEWSKI"
"Robert TELUS","PIS","Robert","TELUS"
"Ryszard Iwon TERLECKI","PIS","Ryszard","TERLECKI"
"Tadeusz TOMASZEWSKI","Lewica","Tadeusz","TOMASZEWSKI"
"Jacek Jerzy TOMCZAK","Trzecia Droga","Jacek","TOMCZAK"
"Wioleta Barbara TOMCZAK","Trzecia Droga","Wioleta","TOMCZAK"
"Cezary Józef TOMCZYK","KO","Cezary","TOMCZYK"
"Stanisław TOMCZYSZYN","Trzecia Droga","Stanisław","TOMCZYSZYN"
"Małgorzata Elżbieta TRACZ","KO","Małgorzata","TRACZ"
"Tomasz Dominik TRELA","Lewica","Tomasz","TRELA"
"Krzysztof TRUSKOLASKI","KO","Krzysztof","TRUSKOLASKI"
"Krzysztof TUDUJ","Konfederacja","Krzysztof","TUDUJ"
"Sylwester Karol TUŁAJEW","PIS","Sylwester","TUŁAJEW"
"Witold Sławomir TUMANOWICZ","Konfederacja","Witold","TUMANOWICZ"
"Donald Franciszek TUSK","KO","Donald","TUSK"
"Stanisław TYSZKA","Konfederacja","Stanisław","TYSZKA"
"Katarzyna UEBERHAN","Lewica","Katarzyna","UEBERHAN"
"Jarosław Piotr URBANIAK","KO","Jarosław","URBANIAK"
"Piotr Marcin URUSKI","PIS","Piotr","URUSKI"
"Piotr Michał UŚCIŃSKI","PIS","Piotr","UŚCIŃSKI"
"Jarosław Leszek WAŁĘSA","KO","Jarosław","WAŁĘSA"
"Marcin Józef WARCHOŁ","PIS","Marcin","WARCHOŁ"
"Robert Marian WARDZAŁA","KO","Robert","WARDZAŁA"
"Robert Piotr WARWAS","PIS","Robert","WARWAS"
"Jan Marek WARZECHA","PIS","Jan","WARZECHA"
"Małgorzata Ewa WASSERMANN","PIS","Małgorzata","WASSERMANN"
"Michał Jan WAWER","Konfederacja","Michał","WAWER"
"Maciej Roman WĄSIK","PIS","Maciej","WĄSIK"
"Marta Anna WCISŁO","KO","Marta","WCISŁO"
"Rafał WEBER","PIS","Rafał","WEBER"
"Marek Jacek WESOŁY","PIS","Marek","WESOŁY"
"Joanna Beata WICHA","Lewica","Joanna","WICHA"
"Patryk Tomasz WICHER","PIS","Patryk","WICHER"
"Dariusz Krzysztof WIECZOREK","Lewica","Dariusz","WIECZOREK"
"Jarosław Wiesław WIECZOREK","PIS","Jarosław","WIECZOREK"
"Monika WIELICHOWSKA","KO","Monika","WIELICHOWSKA"
"Ryszard Jakub WILK","Konfederacja","Ryszard","WILK"
"Teresa WILK","PIS","Teresa","WILK"
"Przemysław Janusz WIPLER","Konfederacja","Przemysław","WIPLER"
"Aleksandra Karolina WIŚNIEWSKA","KO","Aleksandra","WIŚNIEWSKA"
"Adrian WITCZAK","KO","Adrian","WITCZAK"
"Mariusz Sebastian WITCZAK","KO","Mariusz","WITCZAK"
"Elżbieta Barbara WITEK","PIS","Elżbieta","WITEK"
"Przemysław Jarosław WITEK","KO","Przemysław","WITEK"
"Kamil Wiesław WNUK","Trzecia Droga","Kamil","WNUK"
"Anna WOJCIECHOWSKA","KO","Anna","WOJCIECHOWSKA"
"Agnieszka Krystyna WOJCIECHOWSKA VAN HEUKELOM","PIS","Agnieszka","HEUKELOM"
"Agata Katarzyna WOJTYSZEK","PIS","Agata","WOJTYSZEK"
"Bogusław WOŁOSZAŃSKI","KO","Bogusław","WOŁOSZAŃSKI"
"Michał Piotr WOŚ","PIS","Michał","WOŚ"
"Grzegorz Adam WOŹNIAK","PIS","Grzegorz","WOŹNIAK"
"Tadeusz Jacek WOŹNIAK","PIS","Tadeusz","WOŹNIAK"
"Michał Marek WÓJCIK","PIS","Michał","WÓJCIK"
"Maciej Stanisław WRÓBEL","KO","Maciej","WRÓBEL"
"Bartłomiej Piotr WRÓBLEWSKI","PIS","Bartłomiej","WRÓBLEWSKI"
"Paweł Ksawery ZALEWSKI","Trzecia Droga","Paweł","ZALEWSKI"
"Adrian Tadeusz ZANDBERG","Lewica","Adrian","ZANDBERG"
"Andrzej Tomasz ZAPAŁOWSKI","Konfederacja","Andrzej","ZAPAŁOWSKI"
"Bartosz Józef ZAWIEJA","KO","Bartosz","ZAWIEJA"
"Marcelina Monika ZAWISZA","Lewica","Marcelina","ZAWISZA"
"Sławomir ZAWIŚLAK","PIS","Sławomir","ZAWIŚLAK"
"Bogdan Andrzej ZDROJEWSKI","KO","Bogdan","ZDROJEWSKI"
"Witold Maciej ZEMBACZYŃSKI","KO","Witold","ZEMBACZYŃSKI"
"Piotr ZGORZELSKI","Trzecia Droga","Piotr","ZGORZELSKI"
"Zbigniew ZIEJEWSKI","Trzecia Droga","Zbigniew","ZIEJEWSKI"
"Urszula Sara ZIELIŃSKA","KO","Urszula","ZIELIŃSKA"
"Jarosław ZIELIŃSKI","PIS","Jarosław","ZIELIŃSKI"
"Tomasz Andrzej ZIELIŃSKI","PIS","Tomasz","ZIELIŃSKI"
"Jolanta ZIĘBA-GZIK","Trzecia Droga","Jolanta","ZIĘBA-GZIK"
"Tomasz Franciszek ZIMOCH","Trzecia Droga","Tomasz","ZIMOCH"
"Zbigniew Tadeusz ZIOBRO","PIS","Zbigniew","ZIOBRO"
"Wojciech Michał ZUBOWSKI","PIS","Wojciech","ZUBOWSKI"
"Ireneusz ZYSKA","PIS","Ireneusz","ZYSKA"
"Bożena Jadwiga ŻELAZOWSKA","Trzecia Droga","Bożena","ŻELAZOWSKA"
"Anna Maria ŻUKOWSKA","Lewica","Anna","ŻUKOWSKA"
