Nazwisko i imiona;Nazwa komitetu
Tadeusz SAMBORSKI;KOALICYJNY KOMITET WYBORCZY TRZECIA DROGA POLSKA 2050 SZYMONA HOùOWNI - POLSKIE STRONNICTWO LUDOWE
Arkadiusz SIKORA;KOMITET WYBORCZY NOWA LEWICA
Elæbieta Barbara WITEK;KOMITET WYBORCZY PRAWO I SPRAWIEDLIWOóè
Marzena Anna MACHAùEK;KOMITET WYBORCZY PRAWO I SPRAWIEDLIWOóè
Szymon Marek POGODA;KOMITET WYBORCZY PRAWO I SPRAWIEDLIWOóè
Krzysztof Jan KUB‡W;KOMITET WYBORCZY PRAWO I SPRAWIEDLIWOóè
Wojciech Michaà ZUBOWSKI;KOMITET WYBORCZY PRAWO I SPRAWIEDLIWOóè
Zofia CZERNOW;KOALICYJNY KOMITET WYBORCZY KOALICJA OBYWATELSKA PO .N IPL ZIELONI
Robert KROPIWNICKI;KOALICYJNY KOMITET WYBORCZY KOALICJA OBYWATELSKA PO .N IPL ZIELONI
Piotr BORYS;KOALICYJNY KOMITET WYBORCZY KOALICJA OBYWATELSKA PO .N IPL ZIELONI
Iwona Maàgorzata KRAWCZYK;KOALICYJNY KOMITET WYBORCZY KOALICJA OBYWATELSKA PO .N IPL ZIELONI
ùukasz HORBATOWSKI;KOALICYJNY KOMITET WYBORCZY KOALICJA OBYWATELSKA PO .N IPL ZIELONI
Aleksandra Maria LEO;KOALICYJNY KOMITET WYBORCZY TRZECIA DROGA POLSKA 2050 SZYMONA HOùOWNI - POLSKIE STRONNICTWO LUDOWE
Marcin Piotr GW‡çDç;KOMITET WYBORCZY PRAWO I SPRAWIEDLIWOóè
Michaà Paweà DWORCZYK;KOMITET WYBORCZY PRAWO I SPRAWIEDLIWOóè
Ireneusz ZYSKA;KOMITET WYBORCZY PRAWO I SPRAWIEDLIWOóè
Monika WIELICHOWSKA;KOALICYJNY KOMITET WYBORCZY KOALICJA OBYWATELSKA PO .N IPL ZIELONI
Izabela Katarzyna MRZYGùOCKA;KOALICYJNY KOMITET WYBORCZY KOALICJA OBYWATELSKA PO .N IPL ZIELONI
Marek Jan CHMIELEWSKI;KOALICYJNY KOMITET WYBORCZY KOALICJA OBYWATELSKA PO .N IPL ZIELONI
Sylwia Alina BIELAWSKA;KOALICYJNY KOMITET WYBORCZY KOALICJA OBYWATELSKA PO .N IPL ZIELONI
Tomasz Franciszek ZIMOCH;KOALICYJNY KOMITET WYBORCZY TRZECIA DROGA POLSKA 2050 SZYMONA HOùOWNI - POLSKIE STRONNICTWO LUDOWE
Izabela Anna BODNAR;KOALICYJNY KOMITET WYBORCZY TRZECIA DROGA POLSKA 2050 SZYMONA HOùOWNI - POLSKIE STRONNICTWO LUDOWE
Krzysztof Jan óMISZEK;KOMITET WYBORCZY NOWA LEWICA
Mirosàawa Agnieszka STACHOWIAK-R‡ΩECKA;KOMITET WYBORCZY PRAWO I SPRAWIEDLIWOóè
Paweà Marek HRENIAK;KOMITET WYBORCZY PRAWO I SPRAWIEDLIWOóè
Agnieszka Anna SOIN;KOMITET WYBORCZY PRAWO I SPRAWIEDLIWOóè
Jacek óWIAT;KOMITET WYBORCZY PRAWO I SPRAWIEDLIWOóè
Krzysztof TUDUJ;KOMITET WYBORCZY KONFEDERACJA WOLNOóè I NIEPODLEGùOóè
Alicja Paulina CHYBICKA;KOALICYJNY KOMITET WYBORCZY KOALICJA OBYWATELSKA PO .N IPL ZIELONI
Maàgorzata Elæbieta TRACZ;KOALICYJNY KOMITET WYBORCZY KOALICJA OBYWATELSKA PO .N IPL ZIELONI
Michaà JAROS;KOALICYJNY KOMITET WYBORCZY KOALICJA OBYWATELSKA PO .N IPL ZIELONI
Bogdan Andrzej ZDROJEWSKI;KOALICYJNY KOMITET WYBORCZY KOALICJA OBYWATELSKA PO .N IPL ZIELONI
Anna Helena SOBOLAK;KOALICYJNY KOMITET WYBORCZY KOALICJA OBYWATELSKA PO .N IPL ZIELONI
Jolanta Magdalena NIEZGODZKA;KOALICYJNY KOMITET WYBORCZY KOALICJA OBYWATELSKA PO .N IPL ZIELONI
Norbert Jerzy PIETRYKOWSKI;KOALICYJNY KOMITET WYBORCZY TRZECIA DROGA POLSKA 2050 SZYMONA HOùOWNI - POLSKIE STRONNICTWO LUDOWE
Agnieszka Maria KùOPOTEK;KOALICYJNY KOMITET WYBORCZY TRZECIA DROGA POLSKA 2050 SZYMONA HOùOWNI - POLSKIE STRONNICTWO LUDOWE
Krzysztof Kamil GAWKOWSKI;KOMITET WYBORCZY NOWA LEWICA
Paweà SZROT;KOMITET WYBORCZY PRAWO I SPRAWIEDLIWOóè
ùukasz Paweà SCHREIBER;KOMITET WYBORCZY PRAWO I SPRAWIEDLIWOóè
Bartosz J¢zef KOWNACKI;KOMITET WYBORCZY PRAWO I SPRAWIEDLIWOóè
Piotr Marek KR‡L;KOMITET WYBORCZY PRAWO I SPRAWIEDLIWOóè
Paweà Bartosz OLSZEWSKI;KOALICYJNY KOMITET WYBORCZY KOALICJA OBYWATELSKA PO .N IPL ZIELONI
Iwona Maria KOZùOWSKA;KOALICYJNY KOMITET WYBORCZY KOALICJA OBYWATELSKA PO .N IPL ZIELONI
Krzysztof BREJZA;KOALICYJNY KOMITET WYBORCZY KOALICJA OBYWATELSKA PO .N IPL ZIELONI
Wàodzisàaw Sàawomir GIZI„SKI;KOALICYJNY KOMITET WYBORCZY KOALICJA OBYWATELSKA PO .N IPL ZIELONI
Iwona KAROLEWSKA;KOALICYJNY KOMITET WYBORCZY KOALICJA OBYWATELSKA PO .N IPL ZIELONI
Zbigniew SOSNOWSKI;KOALICYJNY KOMITET WYBORCZY TRZECIA DROGA POLSKA 2050 SZYMONA HOùOWNI - POLSKIE STRONNICTWO LUDOWE
Marcin Seweryn SKONIECZKA;KOALICYJNY KOMITET WYBORCZY TRZECIA DROGA POLSKA 2050 SZYMONA HOùOWNI - POLSKIE STRONNICTWO LUDOWE
Joanna Izabela SCHEURING-WIELGUS;KOMITET WYBORCZY NOWA LEWICA
Krzysztof ùukasz SZCZUCKI;KOMITET WYBORCZY PRAWO I SPRAWIEDLIWOóè
Joanna Beata BOROWIAK;KOMITET WYBORCZY PRAWO I SPRAWIEDLIWOóè
Anna Urszula GEMBICKA;KOMITET WYBORCZY PRAWO I SPRAWIEDLIWOóè
Jan Krzysztof ARDANOWSKI;KOMITET WYBORCZY PRAWO I SPRAWIEDLIWOóè
Mariusz Piotr KAùUΩNY;KOMITET WYBORCZY PRAWO I SPRAWIEDLIWOóè
Przemysàaw Janusz WIPLER;KOMITET WYBORCZY KONFEDERACJA WOLNOóè I NIEPODLEGùOóè
Arkadiusz MYRCHA;KOALICYJNY KOMITET WYBORCZY KOALICJA OBYWATELSKA PO .N IPL ZIELONI
Iwona HARTWICH;KOALICYJNY KOMITET WYBORCZY KOALICJA OBYWATELSKA PO .N IPL ZIELONI
Tomasz J¢zef SZYMA„SKI;KOALICYJNY KOMITET WYBORCZY KOALICJA OBYWATELSKA PO .N IPL ZIELONI
Krystian Marek ùUCZAK;KOALICYJNY KOMITET WYBORCZY KOALICJA OBYWATELSKA PO .N IPL ZIELONI
Joanna MUCHA;KOALICYJNY KOMITET WYBORCZY TRZECIA DROGA POLSKA 2050 SZYMONA HOùOWNI - POLSKIE STRONNICTWO LUDOWE
Krzysztof Andrzej HETMAN;KOALICYJNY KOMITET WYBORCZY TRZECIA DROGA POLSKA 2050 SZYMONA HOùOWNI - POLSKIE STRONNICTWO LUDOWE
Jacek Andrzej CZERNIAK;KOMITET WYBORCZY NOWA LEWICA
Przemysàaw CZARNEK;KOMITET WYBORCZY PRAWO I SPRAWIEDLIWOóè
Michaà MOSKAL;KOMITET WYBORCZY PRAWO I SPRAWIEDLIWOóè
Magdalena FILIPEK-SOBCZAK;KOMITET WYBORCZY PRAWO I SPRAWIEDLIWOóè
Sylwester Karol TUùAJEW;KOMITET WYBORCZY PRAWO I SPRAWIEDLIWOóè
Artur SOBO„;KOMITET WYBORCZY PRAWO I SPRAWIEDLIWOóè
Sàawomir SKWAREK;KOMITET WYBORCZY PRAWO I SPRAWIEDLIWOóè
Kazimierz Bogusàaw CHOMA;KOMITET WYBORCZY PRAWO I SPRAWIEDLIWOóè
Jan Jakub KANTHAK;KOMITET WYBORCZY PRAWO I SPRAWIEDLIWOóè
Bartàomiej Artur PEJO;KOMITET WYBORCZY KONFEDERACJA WOLNOóè I NIEPODLEGùOóè
Marta Anna WCISùO;KOALICYJNY KOMITET WYBORCZY KOALICJA OBYWATELSKA PO .N IPL ZIELONI
Michaà Mateusz KRAWCZYK;KOALICYJNY KOMITET WYBORCZY KOALICJA OBYWATELSKA PO .N IPL ZIELONI
Krzysztof BOJARSKI;KOALICYJNY KOMITET WYBORCZY KOALICJA OBYWATELSKA PO .N IPL ZIELONI
Wiesàaw Marian R‡ΩY„SKI;KOALICYJNY KOMITET WYBORCZY TRZECIA DROGA POLSKA 2050 SZYMONA HOùOWNI - POLSKIE STRONNICTWO LUDOWE
Sàawomir èWIK;KOALICYJNY KOMITET WYBORCZY TRZECIA DROGA POLSKA 2050 SZYMONA HOùOWNI - POLSKIE STRONNICTWO LUDOWE
Mariusz KAMI„SKI;KOMITET WYBORCZY PRAWO I SPRAWIEDLIWOóè
Jarosàaw SACHAJKO;KOMITET WYBORCZY PRAWO I SPRAWIEDLIWOóè
Tomasz Andrzej ZIELI„SKI;KOMITET WYBORCZY PRAWO I SPRAWIEDLIWOóè
Dariusz Paweà STEFANIUK;KOMITET WYBORCZY PRAWO I SPRAWIEDLIWOóè
Marcin ROMANOWSKI;KOMITET WYBORCZY PRAWO I SPRAWIEDLIWOóè
Sàawomir ZAWIóLAK;KOMITET WYBORCZY PRAWO I SPRAWIEDLIWOóè
Anna D§BROWSKA-BANASZEK;KOMITET WYBORCZY PRAWO I SPRAWIEDLIWOóè
Witold Sàawomir TUMANOWICZ;KOMITET WYBORCZY KONFEDERACJA WOLNOóè I NIEPODLEGùOóè
Krzysztof GRABCZUK;KOALICYJNY KOMITET WYBORCZY KOALICJA OBYWATELSKA PO .N IPL ZIELONI
Maàgorzata GROMADZKA;KOALICYJNY KOMITET WYBORCZY KOALICJA OBYWATELSKA PO .N IPL ZIELONI
Maja Ewa NOWAK;KOALICYJNY KOMITET WYBORCZY TRZECIA DROGA POLSKA 2050 SZYMONA HOùOWNI - POLSKIE STRONNICTWO LUDOWE
Stanisàaw TOMCZYSZYN;KOALICYJNY KOMITET WYBORCZY TRZECIA DROGA POLSKA 2050 SZYMONA HOùOWNI - POLSKIE STRONNICTWO LUDOWE
Anita Agnieszka KUCHARSKA-DZIEDZIC;KOMITET WYBORCZY NOWA LEWICA
Marek AST;KOMITET WYBORCZY PRAWO I SPRAWIEDLIWOóè
Wàadysàaw DAJCZAK;KOMITET WYBORCZY PRAWO I SPRAWIEDLIWOóè
Jerzy Marian MATERNA;KOMITET WYBORCZY PRAWO I SPRAWIEDLIWOóè
ùukasz MEJZA;KOMITET WYBORCZY PRAWO I SPRAWIEDLIWOóè
Elæbieta Anna POLAK;KOALICYJNY KOMITET WYBORCZY KOALICJA OBYWATELSKA PO .N IPL ZIELONI
Waldemar Jan SùUGOCKI;KOALICYJNY KOMITET WYBORCZY KOALICJA OBYWATELSKA PO .N IPL ZIELONI
Krystyna Mieczysàawa SIBI„SKA;KOALICYJNY KOMITET WYBORCZY KOALICJA OBYWATELSKA PO .N IPL ZIELONI
Robert DOWHAN;KOALICYJNY KOMITET WYBORCZY KOALICJA OBYWATELSKA PO .N IPL ZIELONI
Katarzyna OSOS;KOALICYJNY KOMITET WYBORCZY KOALICJA OBYWATELSKA PO .N IPL ZIELONI
Ewa Joanna SZYMANOWSKA;KOALICYJNY KOMITET WYBORCZY TRZECIA DROGA POLSKA 2050 SZYMONA HOùOWNI - POLSKIE STRONNICTWO LUDOWE
Tomasz Dominik TRELA;KOMITET WYBORCZY NOWA LEWICA
Zbigniew Wàodzimierz RAU;KOMITET WYBORCZY PRAWO I SPRAWIEDLIWOóè
Waldemar Grzegorz BUDA;KOMITET WYBORCZY PRAWO I SPRAWIEDLIWOóè
Agnieszka Krystyna WOJCIECHOWSKA VAN HEUKELOM;KOMITET WYBORCZY PRAWO I SPRAWIEDLIWOóè
Dariusz JO„SKI;KOALICYJNY KOMITET WYBORCZY KOALICJA OBYWATELSKA PO .N IPL ZIELONI
Maàgorzata Barbara NIEMCZYK;KOALICYJNY KOMITET WYBORCZY KOALICJA OBYWATELSKA PO .N IPL ZIELONI
Aleksandra Karolina WIóNIEWSKA;KOALICYJNY KOMITET WYBORCZY KOALICJA OBYWATELSKA PO .N IPL ZIELONI
Paweà Kazimierz BLIçNIUK;KOALICYJNY KOMITET WYBORCZY KOALICJA OBYWATELSKA PO .N IPL ZIELONI
Marcin J‡ZEFACIUK;KOALICYJNY KOMITET WYBORCZY KOALICJA OBYWATELSKA PO .N IPL ZIELONI
Dariusz KLIMCZAK;KOALICYJNY KOMITET WYBORCZY TRZECIA DROGA POLSKA 2050 SZYMONA HOùOWNI - POLSKIE STRONNICTWO LUDOWE
Antoni MACIEREWICZ;KOMITET WYBORCZY PRAWO I SPRAWIEDLIWOóè
Robert TELUS;KOMITET WYBORCZY PRAWO I SPRAWIEDLIWOóè
Anna Maria MILCZANOWSKA;KOMITET WYBORCZY PRAWO I SPRAWIEDLIWOóè
Paweà SAùEK;KOMITET WYBORCZY PRAWO I SPRAWIEDLIWOóè
Grzegorz Andrzej LOREK;KOMITET WYBORCZY PRAWO I SPRAWIEDLIWOóè
Krzysztof Jan CIECI‡RA;KOMITET WYBORCZY PRAWO I SPRAWIEDLIWOóè
Bogusàaw WOùOSZA„SKI;KOALICYJNY KOMITET WYBORCZY KOALICJA OBYWATELSKA PO .N IPL ZIELONI
Adrian WITCZAK;KOALICYJNY KOMITET WYBORCZY KOALICJA OBYWATELSKA PO .N IPL ZIELONI
Paweà Jan BEJDA;KOALICYJNY KOMITET WYBORCZY TRZECIA DROGA POLSKA 2050 SZYMONA HOùOWNI - POLSKIE STRONNICTWO LUDOWE
Jolanta ZI®BA-GZIK;KOALICYJNY KOMITET WYBORCZY TRZECIA DROGA POLSKA 2050 SZYMONA HOùOWNI - POLSKIE STRONNICTWO LUDOWE
Paulina MATYSIAK;KOMITET WYBORCZY NOWA LEWICA
Joanna Katarzyna LICHOCKA;KOMITET WYBORCZY PRAWO I SPRAWIEDLIWOóè
Tadeusz Jacek WOçNIAK;KOMITET WYBORCZY PRAWO I SPRAWIEDLIWOóè
Marcin Paweà PRZYDACZ;KOMITET WYBORCZY PRAWO I SPRAWIEDLIWOóè
Piotr Stanisàaw POLAK;KOMITET WYBORCZY PRAWO I SPRAWIEDLIWOóè
Paweà Piotr RYCHLIK;KOMITET WYBORCZY PRAWO I SPRAWIEDLIWOóè
Marek MATUSZEWSKI;KOMITET WYBORCZY PRAWO I SPRAWIEDLIWOóè
Cezary J¢zef TOMCZYK;KOALICYJNY KOMITET WYBORCZY KOALICJA OBYWATELSKA PO .N IPL ZIELONI
Agnieszka Maàgorzata HANAJCZYK;KOALICYJNY KOMITET WYBORCZY KOALICJA OBYWATELSKA PO .N IPL ZIELONI
Krzysztof Stefan HABURA;KOALICYJNY KOMITET WYBORCZY KOALICJA OBYWATELSKA PO .N IPL ZIELONI
Paweà Marek óLIZ;KOALICYJNY KOMITET WYBORCZY TRZECIA DROGA POLSKA 2050 SZYMONA HOùOWNI - POLSKIE STRONNICTWO LUDOWE
Rafaà Paweà BOCHENEK;KOMITET WYBORCZY PRAWO I SPRAWIEDLIWOóè
Mariusz Tomasz KRYSTIAN;KOMITET WYBORCZY PRAWO I SPRAWIEDLIWOóè
ùukasz Marek KMITA;KOMITET WYBORCZY PRAWO I SPRAWIEDLIWOóè
Filip Roman KACZY„SKI;KOMITET WYBORCZY PRAWO I SPRAWIEDLIWOóè
Wàadysàaw Michaà KUROWSKI;KOMITET WYBORCZY PRAWO I SPRAWIEDLIWOóè
Dorota NIEDZIELA;KOALICYJNY KOMITET WYBORCZY KOALICJA OBYWATELSKA PO .N IPL ZIELONI
Marek Jan SOWA;KOALICYJNY KOMITET WYBORCZY KOALICJA OBYWATELSKA PO .N IPL ZIELONI
Rafaà Paweà KOMAREWICZ;KOALICYJNY KOMITET WYBORCZY TRZECIA DROGA POLSKA 2050 SZYMONA HOùOWNI - POLSKIE STRONNICTWO LUDOWE
Ireneusz Jacek RAó;KOALICYJNY KOMITET WYBORCZY TRZECIA DROGA POLSKA 2050 SZYMONA HOùOWNI - POLSKIE STRONNICTWO LUDOWE
Daria Iwona GOSEK-POPIOùEK;KOMITET WYBORCZY NOWA LEWICA
Maàgorzata Ewa WASSERMANN;KOMITET WYBORCZY PRAWO I SPRAWIEDLIWOóè
Andrzej Mieczysàaw ADAMCZYK;KOMITET WYBORCZY PRAWO I SPRAWIEDLIWOóè
Jacek Piotr OSUCH;KOMITET WYBORCZY PRAWO I SPRAWIEDLIWOóè
Elæbieta DUDA;KOMITET WYBORCZY PRAWO I SPRAWIEDLIWOóè
Agnieszka óCIGAJ;KOMITET WYBORCZY PRAWO I SPRAWIEDLIWOóè
Konrad Szczepan BERKOWICZ;KOMITET WYBORCZY KONFEDERACJA WOLNOóè I NIEPODLEGùOóè
Bartàomiej Henryk SIENKIEWICZ;KOALICYJNY KOMITET WYBORCZY KOALICJA OBYWATELSKA PO .N IPL ZIELONI
Jagna Kinga MARCZUùAJTIS-WALCZAK;KOALICYJNY KOMITET WYBORCZY KOALICJA OBYWATELSKA PO .N IPL ZIELONI
Aleksander Jan MISZALSKI;KOALICYJNY KOMITET WYBORCZY KOALICJA OBYWATELSKA PO .N IPL ZIELONI
Dorota MAREK;KOALICYJNY KOMITET WYBORCZY KOALICJA OBYWATELSKA PO .N IPL ZIELONI
Katarzyna Irena MATUSIK-LIPIEC;KOALICYJNY KOMITET WYBORCZY KOALICJA OBYWATELSKA PO .N IPL ZIELONI
Urszula Teresa NOWOG‡RSKA;KOALICYJNY KOMITET WYBORCZY TRZECIA DROGA POLSKA 2050 SZYMONA HOùOWNI - POLSKIE STRONNICTWO LUDOWE
Ryszard Iwon TERLECKI;KOMITET WYBORCZY PRAWO I SPRAWIEDLIWOóè
Arkadiusz MULARCZYK;KOMITET WYBORCZY PRAWO I SPRAWIEDLIWOóè
Barbara Halina BARTUó;KOMITET WYBORCZY PRAWO I SPRAWIEDLIWOóè
Edward SIARKA;KOMITET WYBORCZY PRAWO I SPRAWIEDLIWOóè
Patryk Tomasz WICHER;KOMITET WYBORCZY PRAWO I SPRAWIEDLIWOóè
Andrzej J¢zef GUT-MOSTOWY;KOMITET WYBORCZY PRAWO I SPRAWIEDLIWOóè
Ryszard Jakub WILK;KOMITET WYBORCZY KONFEDERACJA WOLNOóè I NIEPODLEGùOóè
Weronika Anna SMARDUCH;KOALICYJNY KOMITET WYBORCZY KOALICJA OBYWATELSKA PO .N IPL ZIELONI
Piotr Michaà LACHOWICZ;KOALICYJNY KOMITET WYBORCZY KOALICJA OBYWATELSKA PO .N IPL ZIELONI
Wàadysàaw Marcin KOSINIAK-KAMYSZ;KOALICYJNY KOMITET WYBORCZY TRZECIA DROGA POLSKA 2050 SZYMONA HOùOWNI - POLSKIE STRONNICTWO LUDOWE
Piotr Tadeusz G‡RNIKIEWICZ;KOALICYJNY KOMITET WYBORCZY TRZECIA DROGA POLSKA 2050 SZYMONA HOùOWNI - POLSKIE STRONNICTWO LUDOWE
Anna Maria PIECZARKA;KOMITET WYBORCZY PRAWO I SPRAWIEDLIWOóè
J¢zefa SZCZUREK-ΩELAZKO;KOMITET WYBORCZY PRAWO I SPRAWIEDLIWOóè
Urszula Beata RUSECKA;KOMITET WYBORCZY PRAWO I SPRAWIEDLIWOóè
Wiesàaw KRAJEWSKI;KOMITET WYBORCZY PRAWO I SPRAWIEDLIWOóè
Norbert Jakub KACZMARCZYK;KOMITET WYBORCZY PRAWO I SPRAWIEDLIWOóè
Urszula Danuta AUGUSTYN;KOALICYJNY KOMITET WYBORCZY KOALICJA OBYWATELSKA PO .N IPL ZIELONI
Robert Marian WARDZAùA;KOALICYJNY KOMITET WYBORCZY KOALICJA OBYWATELSKA PO .N IPL ZIELONI
Piotr ZGORZELSKI;KOALICYJNY KOMITET WYBORCZY TRZECIA DROGA POLSKA 2050 SZYMONA HOùOWNI - POLSKIE STRONNICTWO LUDOWE
Mirosàaw Adam ORLI„SKI;KOALICYJNY KOMITET WYBORCZY TRZECIA DROGA POLSKA 2050 SZYMONA HOùOWNI - POLSKIE STRONNICTWO LUDOWE
Kamil BORTNICZUK;KOMITET WYBORCZY PRAWO I SPRAWIEDLIWOóè
Maciej MAùECKI;KOMITET WYBORCZY PRAWO I SPRAWIEDLIWOóè
Maciej Roman W§SIK;KOMITET WYBORCZY PRAWO I SPRAWIEDLIWOóè
Anna Ewa CICHOLSKA;KOMITET WYBORCZY PRAWO I SPRAWIEDLIWOóè
Jacek Dawid OZDOBA;KOMITET WYBORCZY PRAWO I SPRAWIEDLIWOóè
Marcin Piotr KIERWI„SKI;KOALICYJNY KOMITET WYBORCZY KOALICJA OBYWATELSKA PO .N IPL ZIELONI
Elæbieta Teresa GAPI„SKA;KOALICYJNY KOMITET WYBORCZY KOALICJA OBYWATELSKA PO .N IPL ZIELONI
Adam KRZEMI„SKI;KOALICYJNY KOMITET WYBORCZY KOALICJA OBYWATELSKA PO .N IPL ZIELONI
Mirosàaw Wojciech MALISZEWSKI;KOALICYJNY KOMITET WYBORCZY TRZECIA DROGA POLSKA 2050 SZYMONA HOùOWNI - POLSKIE STRONNICTWO LUDOWE
Marek Witold SUSKI;KOMITET WYBORCZY PRAWO I SPRAWIEDLIWOóè
Anna KWIECIE„;KOMITET WYBORCZY PRAWO I SPRAWIEDLIWOóè
Zbigniew Krzysztof KUçMIUK;KOMITET WYBORCZY PRAWO I SPRAWIEDLIWOóè
Radosàaw Aleksander FOGIEL;KOMITET WYBORCZY PRAWO I SPRAWIEDLIWOóè
Andrzej Tomasz KOSZTOWNIAK;KOMITET WYBORCZY PRAWO I SPRAWIEDLIWOóè
Agnieszka Beata G‡RSKA;KOMITET WYBORCZY PRAWO I SPRAWIEDLIWOóè
Joanna Graæyna KLUZIK-ROSTKOWSKA;KOALICYJNY KOMITET WYBORCZY KOALICJA OBYWATELSKA PO .N IPL ZIELONI
Konrad Mirosàaw FRYSZTAK;KOALICYJNY KOMITET WYBORCZY KOALICJA OBYWATELSKA PO .N IPL ZIELONI
Marek Wacàaw SAWICKI;KOALICYJNY KOMITET WYBORCZY TRZECIA DROGA POLSKA 2050 SZYMONA HOùOWNI - POLSKIE STRONNICTWO LUDOWE
Ωaneta CWALINA-óLIWOWSKA;KOALICYJNY KOMITET WYBORCZY TRZECIA DROGA POLSKA 2050 SZYMONA HOùOWNI - POLSKIE STRONNICTWO LUDOWE
Maria Zofia KOC;KOMITET WYBORCZY PRAWO I SPRAWIEDLIWOóè
Krzysztof J¢zef TCH‡RZEWSKI;KOMITET WYBORCZY PRAWO I SPRAWIEDLIWOóè
Henryk KOWALCZYK;KOMITET WYBORCZY PRAWO I SPRAWIEDLIWOóè
Arkadiusz CZARTORYSKI;KOMITET WYBORCZY PRAWO I SPRAWIEDLIWOóè
Grzegorz Adam WOçNIAK;KOMITET WYBORCZY PRAWO I SPRAWIEDLIWOóè
Marcin GRABOWSKI;KOMITET WYBORCZY PRAWO I SPRAWIEDLIWOóè
Daniel George MILEWSKI;KOMITET WYBORCZY PRAWO I SPRAWIEDLIWOóè
Krzysztof MULAWA;KOMITET WYBORCZY KONFEDERACJA WOLNOóè I NIEPODLEGùOóè
Kamila GASIUK-PIHOWICZ;KOALICYJNY KOMITET WYBORCZY KOALICJA OBYWATELSKA PO .N IPL ZIELONI
Czesàaw MROCZEK;KOALICYJNY KOMITET WYBORCZY KOALICJA OBYWATELSKA PO .N IPL ZIELONI
Michaà Andrzej KOBOSKO;KOALICYJNY KOMITET WYBORCZY TRZECIA DROGA POLSKA 2050 SZYMONA HOùOWNI - POLSKIE STRONNICTWO LUDOWE
Wàadysàaw Teofil BARTOSZEWSKI;KOALICYJNY KOMITET WYBORCZY TRZECIA DROGA POLSKA 2050 SZYMONA HOùOWNI - POLSKIE STRONNICTWO LUDOWE
Ryszard Jerzy PETRU;KOALICYJNY KOMITET WYBORCZY TRZECIA DROGA POLSKA 2050 SZYMONA HOùOWNI - POLSKIE STRONNICTWO LUDOWE
Adrian Tadeusz ZANDBERG;KOMITET WYBORCZY NOWA LEWICA
Anna Maria ΩUKOWSKA;KOMITET WYBORCZY NOWA LEWICA
Dorota Zofia OLKO;KOMITET WYBORCZY NOWA LEWICA
Piotr Tadeusz GLI„SKI;KOMITET WYBORCZY PRAWO I SPRAWIEDLIWOóè
Maàgorzata Maria GOSIEWSKA;KOMITET WYBORCZY PRAWO I SPRAWIEDLIWOóè
Sebastian Jerzy KALETA;KOMITET WYBORCZY PRAWO I SPRAWIEDLIWOóè
Marek JAKUBIAK;KOMITET WYBORCZY PRAWO I SPRAWIEDLIWOóè
Sàawomir Jerzy MENTZEN;KOMITET WYBORCZY KONFEDERACJA WOLNOóè I NIEPODLEGùOóè
Donald Franciszek TUSK;KOALICYJNY KOMITET WYBORCZY KOALICJA OBYWATELSKA PO .N IPL ZIELONI
Urszula Sara ZIELI„SKA;KOALICYJNY KOMITET WYBORCZY KOALICJA OBYWATELSKA PO .N IPL ZIELONI
Aleksandra Maàgorzata GAJEWSKA;KOALICYJNY KOMITET WYBORCZY KOALICJA OBYWATELSKA PO .N IPL ZIELONI
Katarzyna Anna LUBNAUER;KOALICYJNY KOMITET WYBORCZY KOALICJA OBYWATELSKA PO .N IPL ZIELONI
Andrzej Jan DOMA„SKI;KOALICYJNY KOMITET WYBORCZY KOALICJA OBYWATELSKA PO .N IPL ZIELONI
Katarzyna Maria PIEKARSKA;KOALICYJNY KOMITET WYBORCZY KOALICJA OBYWATELSKA PO .N IPL ZIELONI
Michaà Roch SZCZERBA;KOALICYJNY KOMITET WYBORCZY KOALICJA OBYWATELSKA PO .N IPL ZIELONI
Dorota Ewa ùOBODA;KOALICYJNY KOMITET WYBORCZY KOALICJA OBYWATELSKA PO .N IPL ZIELONI
Klaudia Krystyna JACHIRA;KOALICYJNY KOMITET WYBORCZY KOALICJA OBYWATELSKA PO .N IPL ZIELONI
Paweà Ksawery ZALEWSKI;KOALICYJNY KOMITET WYBORCZY TRZECIA DROGA POLSKA 2050 SZYMONA HOùOWNI - POLSKIE STRONNICTWO LUDOWE
Boæena Jadwiga ΩELAZOWSKA;KOALICYJNY KOMITET WYBORCZY TRZECIA DROGA POLSKA 2050 SZYMONA HOùOWNI - POLSKIE STRONNICTWO LUDOWE
Joanna Beata WICHA;KOMITET WYBORCZY NOWA LEWICA
Mariusz BùASZCZAK;KOMITET WYBORCZY PRAWO I SPRAWIEDLIWOóè
Anita CZERWI„SKA;KOMITET WYBORCZY PRAWO I SPRAWIEDLIWOóè
Piotr Michaà UóCI„SKI;KOMITET WYBORCZY PRAWO I SPRAWIEDLIWOóè
Dominika Maàgorzata CHOROSI„SKA;KOMITET WYBORCZY PRAWO I SPRAWIEDLIWOóè
Karina Anna BOSAK;KOMITET WYBORCZY KONFEDERACJA WOLNOóè I NIEPODLEGùOóè
Jan Stanisàaw GRABIEC;KOALICYJNY KOMITET WYBORCZY KOALICJA OBYWATELSKA PO .N IPL ZIELONI
Kinga Magdalena GAJEWSKA;KOALICYJNY KOMITET WYBORCZY KOALICJA OBYWATELSKA PO .N IPL ZIELONI
Maciej Grzegorz LASEK;KOALICYJNY KOMITET WYBORCZY KOALICJA OBYWATELSKA PO .N IPL ZIELONI
Piotr KANDYBA;KOALICYJNY KOMITET WYBORCZY KOALICJA OBYWATELSKA PO .N IPL ZIELONI
Adam Michaà GOMOùA;KOALICYJNY KOMITET WYBORCZY TRZECIA DROGA POLSKA 2050 SZYMONA HOùOWNI - POLSKIE STRONNICTWO LUDOWE
Marcelina Monika ZAWISZA;KOMITET WYBORCZY NOWA LEWICA
Paweà Piotr KUKIZ;KOMITET WYBORCZY PRAWO I SPRAWIEDLIWOóè
Marcin Michaà OCIEPA;KOMITET WYBORCZY PRAWO I SPRAWIEDLIWOóè
Katarzyna Beata CZOCHARA;KOMITET WYBORCZY PRAWO I SPRAWIEDLIWOóè
Janusz Marcin KOWALSKI;KOMITET WYBORCZY PRAWO I SPRAWIEDLIWOóè
Wàodzimierz Bogdan SKALIK;KOMITET WYBORCZY KONFEDERACJA WOLNOóè I NIEPODLEGùOóè
Tomasz SIEMONIAK;KOALICYJNY KOMITET WYBORCZY KOALICJA OBYWATELSKA PO .N IPL ZIELONI
Danuta JAZùOWIECKA;KOALICYJNY KOMITET WYBORCZY KOALICJA OBYWATELSKA PO .N IPL ZIELONI
Witold Maciej ZEMBACZY„SKI;KOALICYJNY KOMITET WYBORCZY KOALICJA OBYWATELSKA PO .N IPL ZIELONI
Rajmund Tadeusz MILLER;KOALICYJNY KOMITET WYBORCZY KOALICJA OBYWATELSKA PO .N IPL ZIELONI
Tomasz Tadeusz KOSTUó;KOALICYJNY KOMITET WYBORCZY KOALICJA OBYWATELSKA PO .N IPL ZIELONI
Bartosz ROMOWICZ;KOALICYJNY KOMITET WYBORCZY TRZECIA DROGA POLSKA 2050 SZYMONA HOùOWNI - POLSKIE STRONNICTWO LUDOWE
Marek Tadeusz KUCHCI„SKI;KOMITET WYBORCZY PRAWO I SPRAWIEDLIWOóè
Anna Katarzyna SCHMIDT;KOMITET WYBORCZY PRAWO I SPRAWIEDLIWOóè
Piotr Marcin URUSKI;KOMITET WYBORCZY PRAWO I SPRAWIEDLIWOóè
Piotr Mieczysàaw BABINETZ;KOMITET WYBORCZY PRAWO I SPRAWIEDLIWOóè
Teresa PAMUùA;KOMITET WYBORCZY PRAWO I SPRAWIEDLIWOóè
Tadeusz CHRZAN;KOMITET WYBORCZY PRAWO I SPRAWIEDLIWOóè
Maria Stanisàawa KUROWSKA;KOMITET WYBORCZY PRAWO I SPRAWIEDLIWOóè
Andrzej Tomasz ZAPAùOWSKI;KOMITET WYBORCZY KONFEDERACJA WOLNOóè I NIEPODLEGùOóè
Joanna Zofia FRYDRYCH;KOALICYJNY KOMITET WYBORCZY KOALICJA OBYWATELSKA PO .N IPL ZIELONI
Marek Zdzisàaw RZ§SA;KOALICYJNY KOMITET WYBORCZY KOALICJA OBYWATELSKA PO .N IPL ZIELONI
Adam DZIEDZIC;KOALICYJNY KOMITET WYBORCZY TRZECIA DROGA POLSKA 2050 SZYMONA HOùOWNI - POLSKIE STRONNICTWO LUDOWE
Elæbieta Jolanta BURKIEWICZ;KOALICYJNY KOMITET WYBORCZY TRZECIA DROGA POLSKA 2050 SZYMONA HOùOWNI - POLSKIE STRONNICTWO LUDOWE
Zbigniew Tadeusz ZIOBRO;KOMITET WYBORCZY PRAWO I SPRAWIEDLIWOóè
Krzysztof SOBOLEWSKI;KOMITET WYBORCZY PRAWO I SPRAWIEDLIWOóè
Ewa Maria LENIART;KOMITET WYBORCZY PRAWO I SPRAWIEDLIWOóè
Rafaà WEBER;KOMITET WYBORCZY PRAWO I SPRAWIEDLIWOóè
Jan Marek WARZECHA;KOMITET WYBORCZY PRAWO I SPRAWIEDLIWOóè
Zbigniew Michaà CHMIELOWIEC;KOMITET WYBORCZY PRAWO I SPRAWIEDLIWOóè
Fryderyk Sylwester KAPINOS;KOMITET WYBORCZY PRAWO I SPRAWIEDLIWOóè
Kazimierz Edward GOùOJUCH;KOMITET WYBORCZY PRAWO I SPRAWIEDLIWOóè
Marcin J¢zef WARCHOù;KOMITET WYBORCZY PRAWO I SPRAWIEDLIWOóè
Grzegorz Michaà BRAUN;KOMITET WYBORCZY KONFEDERACJA WOLNOóè I NIEPODLEGùOóè
Paweà Robert KOWAL;KOALICYJNY KOMITET WYBORCZY KOALICJA OBYWATELSKA PO .N IPL ZIELONI
Krystyna SKOWRO„SKA;KOALICYJNY KOMITET WYBORCZY KOALICJA OBYWATELSKA PO .N IPL ZIELONI
Zdzisàaw GAWLIK;KOALICYJNY KOMITET WYBORCZY KOALICJA OBYWATELSKA PO .N IPL ZIELONI
Szymon Franciszek HOùOWNIA;KOALICYJNY KOMITET WYBORCZY TRZECIA DROGA POLSKA 2050 SZYMONA HOùOWNI - POLSKIE STRONNICTWO LUDOWE
Stefan KRAJEWSKI;KOALICYJNY KOMITET WYBORCZY TRZECIA DROGA POLSKA 2050 SZYMONA HOùOWNI - POLSKIE STRONNICTWO LUDOWE
Barbara OKUùA;KOALICYJNY KOMITET WYBORCZY TRZECIA DROGA POLSKA 2050 SZYMONA HOùOWNI - POLSKIE STRONNICTWO LUDOWE
Jacek Robert SASIN;KOMITET WYBORCZY PRAWO I SPRAWIEDLIWOóè
Jacek BOGUCKI;KOMITET WYBORCZY PRAWO I SPRAWIEDLIWOóè
Adam ANDRUSZKIEWICZ;KOMITET WYBORCZY PRAWO I SPRAWIEDLIWOóè
Jarosàaw ZIELI„SKI;KOMITET WYBORCZY PRAWO I SPRAWIEDLIWOóè
Dariusz PIONTKOWSKI;KOMITET WYBORCZY PRAWO I SPRAWIEDLIWOóè
Kazimierz GWIAZDOWSKI;KOMITET WYBORCZY PRAWO I SPRAWIEDLIWOóè
Sebastian ùUKASZEWICZ;KOMITET WYBORCZY PRAWO I SPRAWIEDLIWOóè
Krzysztof BOSAK;KOMITET WYBORCZY KONFEDERACJA WOLNOóè I NIEPODLEGùOóè
Krzysztof TRUSKOLASKI;KOALICYJNY KOMITET WYBORCZY KOALICJA OBYWATELSKA PO .N IPL ZIELONI
Alicja ùEPKOWSKA-GOùAó;KOALICYJNY KOMITET WYBORCZY KOALICJA OBYWATELSKA PO .N IPL ZIELONI
Jacek NIEDçWIEDZKI;KOALICYJNY KOMITET WYBORCZY KOALICJA OBYWATELSKA PO .N IPL ZIELONI
Agnieszka Maria BUCZY„SKA;KOALICYJNY KOMITET WYBORCZY TRZECIA DROGA POLSKA 2050 SZYMONA HOùOWNI - POLSKIE STRONNICTWO LUDOWE
Magdalena Joanna SROKA;KOALICYJNY KOMITET WYBORCZY TRZECIA DROGA POLSKA 2050 SZYMONA HOùOWNI - POLSKIE STRONNICTWO LUDOWE
Katarzyna Agata KOTULA;KOMITET WYBORCZY NOWA LEWICA
Kacper Maciej PùAΩY„SKI;KOMITET WYBORCZY PRAWO I SPRAWIEDLIWOóè
Kazimierz SMOLI„SKI;KOMITET WYBORCZY PRAWO I SPRAWIEDLIWOóè
Jarosàaw Daniel SELLIN;KOMITET WYBORCZY PRAWO I SPRAWIEDLIWOóè
Agnieszka Dominika POMASKA;KOALICYJNY KOMITET WYBORCZY KOALICJA OBYWATELSKA PO .N IPL ZIELONI
Jacek Krzysztof KARNOWSKI;KOALICYJNY KOMITET WYBORCZY KOALICJA OBYWATELSKA PO .N IPL ZIELONI
Magdalena Maàgorzata KOùODZIEJCZAK;KOALICYJNY KOMITET WYBORCZY KOALICJA OBYWATELSKA PO .N IPL ZIELONI
Piotr ADAMOWICZ;KOALICYJNY KOMITET WYBORCZY KOALICJA OBYWATELSKA PO .N IPL ZIELONI
Patryk GABRIEL;KOALICYJNY KOMITET WYBORCZY KOALICJA OBYWATELSKA PO .N IPL ZIELONI
Jarosàaw Leszek WAù®SA;KOALICYJNY KOMITET WYBORCZY KOALICJA OBYWATELSKA PO .N IPL ZIELONI
Marek BIERNACKI;KOALICYJNY KOMITET WYBORCZY TRZECIA DROGA POLSKA 2050 SZYMONA HOùOWNI - POLSKIE STRONNICTWO LUDOWE
Wioleta Barbara TOMCZAK;KOALICYJNY KOMITET WYBORCZY TRZECIA DROGA POLSKA 2050 SZYMONA HOùOWNI - POLSKIE STRONNICTWO LUDOWE
Agnieszka Ewa DZIEMIANOWICZ-B§K;KOMITET WYBORCZY NOWA LEWICA
Piotr J¢zef MöLLER;KOMITET WYBORCZY PRAWO I SPRAWIEDLIWOóè
Aleksander Mikoàaj MR‡WCZY„SKI;KOMITET WYBORCZY PRAWO I SPRAWIEDLIWOóè
Dorota Irvina ARCISZEWSKA-MIELEWCZYK;KOMITET WYBORCZY PRAWO I SPRAWIEDLIWOóè
Marcin Michaà HORAùA;KOMITET WYBORCZY PRAWO I SPRAWIEDLIWOóè
Stanisàaw TYSZKA;KOMITET WYBORCZY KONFEDERACJA WOLNOóè I NIEPODLEGùOóè
Barbara Anna NOWACKA;KOALICYJNY KOMITET WYBORCZY KOALICJA OBYWATELSKA PO .N IPL ZIELONI
Zbigniew Marek KONWI„SKI;KOALICYJNY KOMITET WYBORCZY KOALICJA OBYWATELSKA PO .N IPL ZIELONI
Henryka Krystyna KRZYWONOS-STRYCHARSKA;KOALICYJNY KOMITET WYBORCZY KOALICJA OBYWATELSKA PO .N IPL ZIELONI
Kazimierz Florian PLOCKE;KOALICYJNY KOMITET WYBORCZY KOALICJA OBYWATELSKA PO .N IPL ZIELONI
Stanisàaw J¢zef LAMCZYK;KOALICYJNY KOMITET WYBORCZY KOALICJA OBYWATELSKA PO .N IPL ZIELONI
Rafaà SIEMASZKO;KOALICYJNY KOMITET WYBORCZY KOALICJA OBYWATELSKA PO .N IPL ZIELONI
Mirosàaw Tadeusz SUCHO„;KOALICYJNY KOMITET WYBORCZY TRZECIA DROGA POLSKA 2050 SZYMONA HOùOWNI - POLSKIE STRONNICTWO LUDOWE
Stanisàaw SZWED;KOMITET WYBORCZY PRAWO I SPRAWIEDLIWOóè
Grzegorz Paweà PUDA;KOMITET WYBORCZY PRAWO I SPRAWIEDLIWOóè
Przemysàaw Mieczysàaw DRABEK;KOMITET WYBORCZY PRAWO I SPRAWIEDLIWOóè
Grzegorz Krzysztof GAΩA;KOMITET WYBORCZY PRAWO I SPRAWIEDLIWOóè
Bronisàaw Edward FOLTYN;KOMITET WYBORCZY KONFEDERACJA WOLNOóè I NIEPODLEGùOóè
Mirosàawa NYKIEL;KOALICYJNY KOMITET WYBORCZY KOALICJA OBYWATELSKA PO .N IPL ZIELONI
Maàgorzata Anna P®PEK;KOALICYJNY KOMITET WYBORCZY KOALICJA OBYWATELSKA PO .N IPL ZIELONI
Apoloniusz Leopold TAJNER;KOALICYJNY KOMITET WYBORCZY KOALICJA OBYWATELSKA PO .N IPL ZIELONI
Henryk KIEPURA;KOALICYJNY KOMITET WYBORCZY TRZECIA DROGA POLSKA 2050 SZYMONA HOùOWNI - POLSKIE STRONNICTWO LUDOWE
Lidia Ewa BURZY„SKA;KOMITET WYBORCZY PRAWO I SPRAWIEDLIWOóè
Szymon Stanisàaw GIΩY„SKI;KOMITET WYBORCZY PRAWO I SPRAWIEDLIWOóè
Andrzej Janusz GAWRON;KOMITET WYBORCZY PRAWO I SPRAWIEDLIWOóè
Izabela Dorota LESZCZYNA;KOALICYJNY KOMITET WYBORCZY KOALICJA OBYWATELSKA PO .N IPL ZIELONI
Andrzej SZEWI„SKI;KOALICYJNY KOMITET WYBORCZY KOALICJA OBYWATELSKA PO .N IPL ZIELONI
Przemysàaw Jarosàaw WITEK;KOALICYJNY KOMITET WYBORCZY KOALICJA OBYWATELSKA PO .N IPL ZIELONI
Piotr Paweà STRACH;KOALICYJNY KOMITET WYBORCZY TRZECIA DROGA POLSKA 2050 SZYMONA HOùOWNI - POLSKIE STRONNICTWO LUDOWE
Wanda Hanna NOWICKA;KOMITET WYBORCZY NOWA LEWICA
Boæena Teresa BORYS-SZOPA;KOMITET WYBORCZY PRAWO I SPRAWIEDLIWOóè
Jarosàaw Wiesàaw WIECZOREK;KOMITET WYBORCZY PRAWO I SPRAWIEDLIWOóè
Wojciech Piotr SZARAMA;KOMITET WYBORCZY PRAWO I SPRAWIEDLIWOóè
Krystyna Maria SZUMILAS;KOALICYJNY KOMITET WYBORCZY KOALICJA OBYWATELSKA PO .N IPL ZIELONI
Marek Krzysztof GZIK;KOALICYJNY KOMITET WYBORCZY KOALICJA OBYWATELSKA PO .N IPL ZIELONI
Marta Joanna GOLBIK;KOALICYJNY KOMITET WYBORCZY KOALICJA OBYWATELSKA PO .N IPL ZIELONI
Tomasz Marian GùOGOWSKI;KOALICYJNY KOMITET WYBORCZY KOALICJA OBYWATELSKA PO .N IPL ZIELONI
ùukasz Tomasz OSMALAK;KOALICYJNY KOMITET WYBORCZY TRZECIA DROGA POLSKA 2050 SZYMONA HOùOWNI - POLSKIE STRONNICTWO LUDOWE
Bolesàaw Grzegorz PIECHA;KOMITET WYBORCZY PRAWO I SPRAWIEDLIWOóè
Paweà JABùO„SKI;KOMITET WYBORCZY PRAWO I SPRAWIEDLIWOóè
Michaà Piotr WOó;KOMITET WYBORCZY PRAWO I SPRAWIEDLIWOóè
Grzegorz MATUSIAK;KOMITET WYBORCZY PRAWO I SPRAWIEDLIWOóè
Roman Henryk FRITZ;KOMITET WYBORCZY KONFEDERACJA WOLNOóè I NIEPODLEGùOóè
Krzysztof Jan GADOWSKI;KOALICYJNY KOMITET WYBORCZY KOALICJA OBYWATELSKA PO .N IPL ZIELONI
Gabriela Teresa LENARTOWICZ;KOALICYJNY KOMITET WYBORCZY KOALICJA OBYWATELSKA PO .N IPL ZIELONI
Marek Grzegorz KRZ§KAùA;KOALICYJNY KOMITET WYBORCZY KOALICJA OBYWATELSKA PO .N IPL ZIELONI
Michaà Sebastian GRAMATYKA;KOALICYJNY KOMITET WYBORCZY TRZECIA DROGA POLSKA 2050 SZYMONA HOùOWNI - POLSKIE STRONNICTWO LUDOWE
Maciej KONIECZNY;KOMITET WYBORCZY NOWA LEWICA
Mateusz Jakub MORAWIECKI;KOMITET WYBORCZY PRAWO I SPRAWIEDLIWOóè
Michaà Marek W‡JCIK;KOMITET WYBORCZY PRAWO I SPRAWIEDLIWOóè
Marek Jacek WESOùY;KOMITET WYBORCZY PRAWO I SPRAWIEDLIWOóè
Jerzy Jan POLACZEK;KOMITET WYBORCZY PRAWO I SPRAWIEDLIWOóè
Grzegorz Adam PùACZEK;KOMITET WYBORCZY KONFEDERACJA WOLNOóè I NIEPODLEGùOóè
Borys Piotr BUDKA;KOALICYJNY KOMITET WYBORCZY KOALICJA OBYWATELSKA PO .N IPL ZIELONI
Monika Anna ROSA;KOALICYJNY KOMITET WYBORCZY KOALICJA OBYWATELSKA PO .N IPL ZIELONI
Wojciech Piotr KR‡L;KOALICYJNY KOMITET WYBORCZY KOALICJA OBYWATELSKA PO .N IPL ZIELONI
Ewa Edyta KOùODZIEJ;KOALICYJNY KOMITET WYBORCZY KOALICJA OBYWATELSKA PO .N IPL ZIELONI
ùukasz Andrzej óCIEBIOROWSKI;KOALICYJNY KOMITET WYBORCZY KOALICJA OBYWATELSKA PO .N IPL ZIELONI
Kamil Wiesàaw WNUK;KOALICYJNY KOMITET WYBORCZY TRZECIA DROGA POLSKA 2050 SZYMONA HOùOWNI - POLSKIE STRONNICTWO LUDOWE
Wàodzimierz CZARZASTY;KOMITET WYBORCZY NOWA LEWICA
ùukasz Karol LITEWKA;KOMITET WYBORCZY NOWA LEWICA
Ewa Danuta MALIK;KOMITET WYBORCZY PRAWO I SPRAWIEDLIWOóè
Waldemar Franciszek ANDZEL;KOMITET WYBORCZY PRAWO I SPRAWIEDLIWOóè
Robert Piotr WARWAS;KOMITET WYBORCZY PRAWO I SPRAWIEDLIWOóè
Wojciech Paweà SAùUGA;KOALICYJNY KOMITET WYBORCZY KOALICJA OBYWATELSKA PO .N IPL ZIELONI
Barbara DOLNIAK;KOALICYJNY KOMITET WYBORCZY KOALICJA OBYWATELSKA PO .N IPL ZIELONI
Mateusz Andrzej BOCHENEK;KOALICYJNY KOMITET WYBORCZY KOALICJA OBYWATELSKA PO .N IPL ZIELONI
Czesàaw Adam SIEKIERSKI;KOALICYJNY KOMITET WYBORCZY TRZECIA DROGA POLSKA 2050 SZYMONA HOùOWNI - POLSKIE STRONNICTWO LUDOWE
Rafaà Marcin KASPRZYK;KOALICYJNY KOMITET WYBORCZY TRZECIA DROGA POLSKA 2050 SZYMONA HOùOWNI - POLSKIE STRONNICTWO LUDOWE
Andrzej Jan SZEJNA;KOMITET WYBORCZY NOWA LEWICA
Jarosàaw Aleksander KACZY„SKI;KOMITET WYBORCZY PRAWO I SPRAWIEDLIWOóè
Anna Maria KRUPKA;KOMITET WYBORCZY PRAWO I SPRAWIEDLIWOóè
Krzysztof Bogdan LIPIEC;KOMITET WYBORCZY PRAWO I SPRAWIEDLIWOóè
Agata Katarzyna WOJTYSZEK;KOMITET WYBORCZY PRAWO I SPRAWIEDLIWOóè
Andrzej Michaà KRYJ;KOMITET WYBORCZY PRAWO I SPRAWIEDLIWOóè
Michaà CIEóLAK;KOMITET WYBORCZY PRAWO I SPRAWIEDLIWOóè
Mariusz Marek GOSEK;KOMITET WYBORCZY PRAWO I SPRAWIEDLIWOóè
Bartàomiej DORYWALSKI;KOMITET WYBORCZY PRAWO I SPRAWIEDLIWOóè
Michaà Jan WAWER;KOMITET WYBORCZY KONFEDERACJA WOLNOóè I NIEPODLEGùOóè
Marzena OKùA-DREWNOWICZ;KOALICYJNY KOMITET WYBORCZY KOALICJA OBYWATELSKA PO .N IPL ZIELONI
Artur Daniel GIERADA;KOALICYJNY KOMITET WYBORCZY KOALICJA OBYWATELSKA PO .N IPL ZIELONI
Lucjan Marek PIETRZCZYK;KOALICYJNY KOMITET WYBORCZY KOALICJA OBYWATELSKA PO .N IPL ZIELONI
Roman Jacek GIERTYCH;KOALICYJNY KOMITET WYBORCZY KOALICJA OBYWATELSKA PO .N IPL ZIELONI
Zbigniew ZIEJEWSKI;KOALICYJNY KOMITET WYBORCZY TRZECIA DROGA POLSKA 2050 SZYMONA HOùOWNI - POLSKIE STRONNICTWO LUDOWE
Leonard Seweryn KRASULSKI;KOMITET WYBORCZY PRAWO I SPRAWIEDLIWOóè
Teresa WILK;KOMITET WYBORCZY PRAWO I SPRAWIEDLIWOóè
Andrzej óLIWKA;KOMITET WYBORCZY PRAWO I SPRAWIEDLIWOóè
Robert GONTARZ;KOMITET WYBORCZY PRAWO I SPRAWIEDLIWOóè
Jacek PROTAS;KOALICYJNY KOMITET WYBORCZY KOALICJA OBYWATELSKA PO .N IPL ZIELONI
Elæbieta Kazimiera GELERT;KOALICYJNY KOMITET WYBORCZY KOALICJA OBYWATELSKA PO .N IPL ZIELONI
Stanisàaw Andrzej GORCZYCA;KOALICYJNY KOMITET WYBORCZY KOALICJA OBYWATELSKA PO .N IPL ZIELONI
Urszula Stefania PASùAWSKA;KOALICYJNY KOMITET WYBORCZY TRZECIA DROGA POLSKA 2050 SZYMONA HOùOWNI - POLSKIE STRONNICTWO LUDOWE
Marcin Robert KULASEK;KOMITET WYBORCZY NOWA LEWICA
Janusz Antoni CIESZY„SKI;KOMITET WYBORCZY PRAWO I SPRAWIEDLIWOóè
Artur Henryk CHOJECKI;KOMITET WYBORCZY PRAWO I SPRAWIEDLIWOóè
Iwona Ewa ARENT;KOMITET WYBORCZY PRAWO I SPRAWIEDLIWOóè
Olga Ewa SEMENIUK-PATKOWSKA;KOMITET WYBORCZY PRAWO I SPRAWIEDLIWOóè
Janusz Wàadysàaw CICHO„;KOALICYJNY KOMITET WYBORCZY KOALICJA OBYWATELSKA PO .N IPL ZIELONI
Anna WOJCIECHOWSKA;KOALICYJNY KOMITET WYBORCZY KOALICJA OBYWATELSKA PO .N IPL ZIELONI
Paweà PAPKE;KOALICYJNY KOMITET WYBORCZY KOALICJA OBYWATELSKA PO .N IPL ZIELONI
Maciej Stanisàaw WR‡BEL;KOALICYJNY KOMITET WYBORCZY KOALICJA OBYWATELSKA PO .N IPL ZIELONI
Andrzej Marian GRZYB;KOALICYJNY KOMITET WYBORCZY TRZECIA DROGA POLSKA 2050 SZYMONA HOùOWNI - POLSKIE STRONNICTWO LUDOWE
Barbara Anna OLIWIECKA;KOALICYJNY KOMITET WYBORCZY TRZECIA DROGA POLSKA 2050 SZYMONA HOùOWNI - POLSKIE STRONNICTWO LUDOWE
Wiesàaw Andrzej SZCZEPA„SKI;KOMITET WYBORCZY NOWA LEWICA
Marlena Magdalena MAL§G;KOMITET WYBORCZY PRAWO I SPRAWIEDLIWOóè
Katarzyna S‡JKA;KOMITET WYBORCZY PRAWO I SPRAWIEDLIWOóè
Jan Michaà DZIEDZICZAK;KOMITET WYBORCZY PRAWO I SPRAWIEDLIWOóè
Jan MOSI„SKI;KOMITET WYBORCZY PRAWO I SPRAWIEDLIWOóè
Piotr Marek KALETA;KOMITET WYBORCZY PRAWO I SPRAWIEDLIWOóè
Jarosàaw Piotr URBANIAK;KOALICYJNY KOMITET WYBORCZY KOALICJA OBYWATELSKA PO .N IPL ZIELONI
Karolina Monika PAWLICZAK;KOALICYJNY KOMITET WYBORCZY KOALICJA OBYWATELSKA PO .N IPL ZIELONI
Grzegorz Stanisàaw RUSIECKI;KOALICYJNY KOMITET WYBORCZY KOALICJA OBYWATELSKA PO .N IPL ZIELONI
Mariusz Sebastian WITCZAK;KOALICYJNY KOMITET WYBORCZY KOALICJA OBYWATELSKA PO .N IPL ZIELONI
Paulina HENNIG-KLOSKA;KOALICYJNY KOMITET WYBORCZY TRZECIA DROGA POLSKA 2050 SZYMONA HOùOWNI - POLSKIE STRONNICTWO LUDOWE
Michaà PYRZYK;KOALICYJNY KOMITET WYBORCZY TRZECIA DROGA POLSKA 2050 SZYMONA HOùOWNI - POLSKIE STRONNICTWO LUDOWE
Tadeusz TOMASZEWSKI;KOMITET WYBORCZY NOWA LEWICA
Zbigniew Grzegorz HOFFMANN;KOMITET WYBORCZY PRAWO I SPRAWIEDLIWOóè
Witold Wojciech CZARNECKI;KOMITET WYBORCZY PRAWO I SPRAWIEDLIWOóè
Zbigniew DOLATA;KOMITET WYBORCZY PRAWO I SPRAWIEDLIWOóè
Ryszard BARTOSIK;KOMITET WYBORCZY PRAWO I SPRAWIEDLIWOóè
Michaà KOùODZIEJCZAK;KOALICYJNY KOMITET WYBORCZY KOALICJA OBYWATELSKA PO .N IPL ZIELONI
Tomasz Piotr NOWAK;KOALICYJNY KOMITET WYBORCZY KOALICJA OBYWATELSKA PO .N IPL ZIELONI
Krzysztof Michaà PASZYK;KOALICYJNY KOMITET WYBORCZY TRZECIA DROGA POLSKA 2050 SZYMONA HOùOWNI - POLSKIE STRONNICTWO LUDOWE
Adam Sàawomir LUBO„SKI;KOALICYJNY KOMITET WYBORCZY TRZECIA DROGA POLSKA 2050 SZYMONA HOùOWNI - POLSKIE STRONNICTWO LUDOWE
Krzysztof Wàadysàaw CZARNECKI;KOMITET WYBORCZY PRAWO I SPRAWIEDLIWOóè
Grzegorz PIECHOWIAK;KOMITET WYBORCZY PRAWO I SPRAWIEDLIWOóè
Marcin Bartosz PORZUCEK;KOMITET WYBORCZY PRAWO I SPRAWIEDLIWOóè
Jakub Adam RUTNICKI;KOALICYJNY KOMITET WYBORCZY KOALICJA OBYWATELSKA PO .N IPL ZIELONI
Maria Maàgorzata JANYSKA;KOALICYJNY KOMITET WYBORCZY KOALICJA OBYWATELSKA PO .N IPL ZIELONI
Piotr Krzysztof GùOWSKI;KOALICYJNY KOMITET WYBORCZY KOALICJA OBYWATELSKA PO .N IPL ZIELONI
Henryk Marian SZOPI„SKI;KOALICYJNY KOMITET WYBORCZY KOALICJA OBYWATELSKA PO .N IPL ZIELONI
Ewa Katarzyna SCHéDLER;KOALICYJNY KOMITET WYBORCZY TRZECIA DROGA POLSKA 2050 SZYMONA HOùOWNI - POLSKIE STRONNICTWO LUDOWE
Jacek Jerzy TOMCZAK;KOALICYJNY KOMITET WYBORCZY TRZECIA DROGA POLSKA 2050 SZYMONA HOùOWNI - POLSKIE STRONNICTWO LUDOWE
Katarzyna UEBERHAN;KOMITET WYBORCZY NOWA LEWICA
Szymon Andrzej SZYNKOWSKI VEL S®K;KOMITET WYBORCZY PRAWO I SPRAWIEDLIWOóè
Bartàomiej Piotr WR‡BLEWSKI;KOMITET WYBORCZY PRAWO I SPRAWIEDLIWOóè
Adam Stanisàaw SZùAPKA;KOALICYJNY KOMITET WYBORCZY KOALICJA OBYWATELSKA PO .N IPL ZIELONI
Katarzyna Renata KIERZEK-KOPERSKA;KOALICYJNY KOMITET WYBORCZY KOALICJA OBYWATELSKA PO .N IPL ZIELONI
Marcin Rafaà BOSACKI;KOALICYJNY KOMITET WYBORCZY KOALICJA OBYWATELSKA PO .N IPL ZIELONI
Bartosz J¢zef ZAWIEJA;KOALICYJNY KOMITET WYBORCZY KOALICJA OBYWATELSKA PO .N IPL ZIELONI
Franciszek Wojciech STERCZEWSKI;KOALICYJNY KOMITET WYBORCZY KOALICJA OBYWATELSKA PO .N IPL ZIELONI
Radosàaw LUBCZYK;KOALICYJNY KOMITET WYBORCZY TRZECIA DROGA POLSKA 2050 SZYMONA HOùOWNI - POLSKIE STRONNICTWO LUDOWE
Czesàaw HOC;KOMITET WYBORCZY PRAWO I SPRAWIEDLIWOóè
Paweà Maciej SZEFERNAKER;KOMITET WYBORCZY PRAWO I SPRAWIEDLIWOóè
Maàgorzata Joanna GOLI„SKA;KOMITET WYBORCZY PRAWO I SPRAWIEDLIWOóè
Bartosz Adam ARùUKOWICZ;KOALICYJNY KOMITET WYBORCZY KOALICJA OBYWATELSKA PO .N IPL ZIELONI
Marek Tomasz HOK;KOALICYJNY KOMITET WYBORCZY KOALICJA OBYWATELSKA PO .N IPL ZIELONI
Renata Urszula RAK;KOALICYJNY KOMITET WYBORCZY KOALICJA OBYWATELSKA PO .N IPL ZIELONI
Paweà SUSKI;KOALICYJNY KOMITET WYBORCZY KOALICJA OBYWATELSKA PO .N IPL ZIELONI
Jarosàaw Michaà RZEPA;KOALICYJNY KOMITET WYBORCZY TRZECIA DROGA POLSKA 2050 SZYMONA HOùOWNI - POLSKIE STRONNICTWO LUDOWE
Dariusz Krzysztof WIECZOREK;KOMITET WYBORCZY NOWA LEWICA
Marek J¢zef GR‡BARCZYK;KOMITET WYBORCZY PRAWO I SPRAWIEDLIWOóè
Artur Lesàaw SZAùABAWKA;KOMITET WYBORCZY PRAWO I SPRAWIEDLIWOóè
Zbigniew BOGUCKI;KOMITET WYBORCZY PRAWO I SPRAWIEDLIWOóè
Dariusz Piotr MATECKI;KOMITET WYBORCZY PRAWO I SPRAWIEDLIWOóè
Sàawomir Witold NITRAS;KOALICYJNY KOMITET WYBORCZY KOALICJA OBYWATELSKA PO .N IPL ZIELONI
Magdalena FILIKS;KOALICYJNY KOMITET WYBORCZY KOALICJA OBYWATELSKA PO .N IPL ZIELONI
Arkadiusz MARCHEWKA;KOALICYJNY KOMITET WYBORCZY KOALICJA OBYWATELSKA PO .N IPL ZIELONI
Artur Jarosàaw ù§CKI;KOALICYJNY KOMITET WYBORCZY KOALICJA OBYWATELSKA PO .N IPL ZIELONI
Grzegorz Bernard NAPIERALSKI;KOALICYJNY KOMITET WYBORCZY KOALICJA OBYWATELSKA PO .N IPL ZIELONI
Patryk Bartàomiej JASKULSKI;KOALICYJNY KOMITET WYBORCZY KOALICJA OBYWATELSKA PO .N IPL ZIELONI
